spotify_id,nome,artista,acousticness,danceability,energy,instrumentalness,key,liveness,loudness,mode,speechiness,tempo,valence
52LVnKB4Vs9XMi4rm4StNT,It's Not Up To You,Bjork,0.586,0.561,0.438,0.000204,6,0.0588,-12.414,0,0.0574,79.928,0.312
2dkeRnIM7fXKBkkHvkz91v,Like Someone In Love,Bjork,0.965,0.394,0.152,5.9e-05,7,0.166,-14.953,1,0.0394,70.058,0.0777
6YoNajB4BxG971cu0Q1BoE,You've Been Flirting Again,Bjork,0.951,0.179,0.0517,0.000365,5,0.121,-21.043,1,0.0412,103.297,0.17
6JrmglKffvzzCZCtMEdUtk,Unravel,Bjork,0.789,0.186,0.385,0.0,7,0.157,-9.811,1,0.0332,85.837,0.0545
1R2UhZCSxL1N4kcwa929Fu,Crying,Bjork,0.00571,0.654,0.676,0.0271,4,0.487,-11.164,0,0.0306,116.202,0.718
48oX55j4gqDw0G80KxzpaQ,Venus As A Boy,Bjork,0.0307,0.622,0.402,0.00372,1,0.0697,-11.751,1,0.034,136.261,0.826
2runFrIwOg5p2HZo1oymEL,There's More To Life Than This - Live At The Milk Bar Toilets,Bjork,0.0553,0.728,0.507,0.0846,7,0.948,-12.947,1,0.0384,124.234,0.714
5diiEB0edX69v9x3e96NyO,Big Time Sensuality,Bjork,7.03e-05,0.722,0.721,0.016,1,0.142,-12.248,0,0.0945,118.59,0.53
1k9y7iGRJvg5Kdvd94SGTi,One Day,Bjork,0.0041,0.615,0.515,0.00246,0,0.113,-13.332,1,0.0356,105.175,0.19
1iBP7S79utGK7w8ud2GwwD,Aeroplane,Bjork,0.0863,0.638,0.29,0.00324,7,0.146,-14.053,1,0.0311,104.634,0.138
17tCBb8odaNBZivCojHhvw,Come To Me,Bjork,0.00254,0.485,0.591,3.98e-05,5,0.114,-13.598,1,0.0332,173.449,0.309
66KzeZCQCe1dUl13nCasOv,Violently Happy,Bjork,0.266,0.692,0.61,0.00819,7,0.128,-14.426,1,0.0496,120.334,0.252
1HFvDETKd9km5DRGd4DkrA,Immature - Mark Bell's Version,Bjork,0.365,0.35,0.767,0.00226,6,0.0977,-7.203,0,0.0438,187.953,0.106
2w0wVOiydK5a5e5UqffWwS,Hyper-ballad,Bjork,0.0252,0.527,0.441,0.00139,5,0.378,-13.034,0,0.033,134.99,0.0354
4QJBOGf8BiuVDoGmSQM8p3,The Modern Things,Bjork,0.241,0.428,0.386,0.0,4,0.262,-13.544,1,0.0415,67.025,0.377
45Ok4AREEWfPIBZ4ylCXK7,It's Oh So Quiet,Bjork,0.662,0.467,0.13,0.0,5,0.0711,-14.154,0,0.0513,127.559,0.231
05meZdvKNj4FBxNbdMgpT6,Isobel,Bjork,0.000651,0.593,0.564,0.318,9,0.113,-11.237,1,0.0299,100.039,0.182
104n46NrvCQ2qXoBWY35ch,Possibly Maybe,Bjork,0.775,0.383,0.132,0.00305,11,0.203,-17.177,1,0.0337,57.476,0.183
2pDMVFdeAsFI73DDekyvDf,I Miss You,Bjork,0.0246,0.635,0.764,0.441,2,0.0211,-10.654,0,0.0383,120.934,0.11
3DwWbiYkm7oZ2nUnNO1Jcx,Headphones,Bjork,0.685,0.499,0.0296,0.0334,11,0.102,-28.878,0,0.0401,170.179,0.0819
2nKm2PzPQ3PLOCSEHetFxz,Hunter,Bjork,0.152,0.326,0.668,0.0507,8,0.0863,-10.359,1,0.088,79.765,0.171
6txguGr32i8SpgZ4KEKQQG,Bachelorette,Bjork,0.057,0.442,0.911,9.27e-06,0,0.103,-4.358,0,0.0738,96.925,0.347
4PbYKPKq2hpDXV3YckN5tW,All Neon Like,Bjork,0.594,0.529,0.518,0.0111,0,0.0673,-10.182,0,0.041,152.123,0.236
3mmB2OL6YP2FwMR6eQ5mp5,5 Years,Bjork,0.159,0.467,0.897,0.0168,5,0.288,-5.974,1,0.359,82.899,0.496
5ghdg3LmJ6u8SQNDAXQ58T,Alarm Call,Bjork,0.266,0.656,0.879,1.91e-06,5,0.0901,-5.115,0,0.0629,97.059,0.631
0zgPZSkp20PSuyToQ0lZ0h,Pluto,Bjork,0.00271,0.611,0.83,0.368,8,0.0808,-4.578,1,0.182,147.996,0.262
1Y4aFRwAwE5Ghm24vaYrnR,Hidden Place,Bjork,0.0503,0.491,0.788,0.00371,9,0.112,-10.357,0,0.156,149.826,0.422
7CfR16ahj7mi6OwTZaPBri,Cocoon,Bjork,0.635,0.794,0.37,0.111,1,0.109,-14.897,1,0.0526,127.882,0.112
4HuzulSsDeFqvq3e84ZIrI,Undo,Bjork,0.78,0.452,0.365,0.00681,2,0.114,-11.891,0,0.035,115.8,0.0549
2uMm657euPoE7Vgaukuupl,Pagan Poetry,Bjork,0.505,0.521,0.459,7.91e-06,1,0.0868,-8.231,0,0.0295,132.022,0.179
7ESAiaiNmtWh7bzqJpCGxU,Aurora,Bjork,0.37,0.568,0.581,2.73e-05,9,0.0814,-8.319,0,0.0341,120.006,0.278
"6e2DqJ8wXuS3e5zuBPaHGL,""An Echo, A Stain"",Bjork,0.58,0.351,0.512,0.193,2,0.0858,-13.353,1,0.0687,127.913,0.0729"
3nschTSboTkjPwgdbrRLyf,Joga,Bjork,0.402,0.305,0.696,7.21e-05,1,0.0741,-6.301,0,0.0598,146.456,0.222
3CgRrPkrjTeBH4a9JlcCVZ,All Is Full Of Love - Howie's Version,Bjork,0.0666,0.146,0.318,3.8e-05,11,0.111,-9.392,1,0.0376,138.227,0.0364
7kyQeUJ6g5GQNHUfV2f79v,Frosti,Bjork,0.638,0.434,0.358,0.00555,6,0.305,-12.814,1,0.0347,147.896,0.154
6MYYN85MjM7TARWshRwjyW,Human Behaviour,Bjork,0.0448,0.687,0.635,0.0274,2,0.0968,-14.667,1,0.0366,109.453,0.547
2x9arVHUqJjyGCcIhiPWGY,The Anchor Song,Bjork,0.935,0.424,0.0294,0.0,0,0.0621,-14.807,1,0.0679,173.615,0.391
4UFQBhIOgANiBG44USIgsf,Army Of Me,Bjork,0.00815,0.46,0.69,7.78e-05,6,0.267,-9.225,1,0.034,172.111,0.491
4N4qSX4RpU7U5TW6PMg84a,Enjoy,Bjork,0.00172,0.548,0.879,0.754,2,0.129,-10.719,1,0.0478,84.183,0.457
2s3mDbXJ6sqh1IP7yw5aEl,Cover Me,Bjork,0.939,0.366,0.296,0.603,9,0.652,-22.515,0,0.0426,89.763,0.282
0mNjJCBYFX8c6I3Zdwf7zH,Fungal City,Bjork,0.407,0.495,0.621,1.1e-06,10,0.231,-6.316,1,0.23,160.013,0.56
4BIbhfDK6x80KpyR7g6gze,Family,Bjork,0.0892,0.175,0.286,0.000266,8,0.112,-13.01,0,0.0379,78.215,0.0391
17DNqXJCKp5ku17UUvzFj9,Stonemilker,Bjork,0.12,0.133,0.257,0.00608,2,0.1,-13.545,1,0.0317,82.163,0.0501
4R6JvOtTKJ1WZURbedVknL,Lionsong,Bjork,0.548,0.291,0.296,1.25e-06,7,0.173,-13.292,0,0.0472,142.708,0.0634
4Ljm5JMrUZp88Uxq6qioOH,History Of Touches,Bjork,0.797,0.255,0.143,0.0,1,0.18,-15.36,1,0.031,165.406,0.136
5qfJSItAIEndephCzfQ6Nu,Black Lake,Bjork,0.473,0.241,0.219,0.00081,3,0.0823,-15.15,0,0.0362,135.914,0.0364
0NdYYigNfQqzL0k0ZxAlPQ,Notget,Bjork,0.0504,0.309,0.573,0.000729,9,0.088,-12.629,0,0.36,178.769,0.218
7gZ03tXzYAfKpRovt1nMUU,Atom Dance,Bjork,0.59,0.545,0.41,0.00169,5,0.362,-10.062,1,0.0525,136.0,0.355
0jScPW4VvJDNviR3YrPtas,Mouth Mantra,Bjork,0.0598,0.271,0.569,0.00587,5,0.106,-8.174,0,0.0544,76.6,0.133
1GAOXR2gtrxQ28XW0weuWZ,Fagurt Er i Fjordum,Bjork,0.809,0.399,0.131,1.23e-06,4,0.121,-12.363,1,0.0412,186.904,0.298
3EdZdybDWDlGC0KumeGrqc,Atopos,Bjork,0.519,0.582,0.897,0.000211,7,0.125,-5.412,1,0.235,175.909,0.304
4mX0h2W7mxcIBh6anDsZMq,Ovule,Bjork,0.568,0.41,0.446,0.0,5,0.339,-6.905,0,0.0381,127.62,0.263
61HE70rCrYsQCuZuL54Ni5,Mycelia,Bjork,0.982,0.599,0.0248,0.0251,11,0.0963,-14.863,1,0.0645,141.847,0.312
1hxJTaQouJURyxUA7yxOwM,Sorrowful Soil,Bjork,0.731,0.356,0.216,0.0,5,0.0935,-10.96,0,0.0431,77.636,0.211
32NgbSqJCGSKDKTqVgFRvA,Ancestress,Bjork,0.631,0.305,0.379,0.0,2,0.107,-8.896,0,0.0373,106.738,0.164
0gtk9M7zDKe0VyLN24K0zr,Victimhood,Bjork,0.312,0.449,0.447,0.0491,10,0.0973,-9.675,0,0.0386,159.964,0.0882
4cZkyN3V4IgnQPT1gsrFsz,Allow,Bjork,0.711,0.416,0.384,0.0105,10,0.27,-9.83,1,0.0399,148.014,0.203
3zWzcV17zueF7fKbGzLVXS,Freefall,Bjork,0.629,0.38,0.343,0.000124,3,0.0971,-10.832,0,0.039,140.037,0.286
0hz1UrqsuZMGVDv7zjXBaK,Fossora,Bjork,0.00272,0.616,0.619,0.015,7,0.0574,-5.418,0,0.0305,100.057,0.229
5SnfhqOuyWwWZJvu2u5pxg,Her Mother’s House,Bjork,0.944,0.211,0.157,0.003,10,0.0977,-11.091,1,0.031,75.681,0.112
4mhuw0kAHPdZeidq1UIAQP,Sun In My Mouth,Bjork,0.746,0.254,0.281,1.33e-05,10,0.0786,-11.012,0,0.0286,89.722,0.163
0XFWWQ2Csze69J9oIC88RS,Heirloom,Bjork,0.268,0.577,0.369,0.00549,7,0.0787,-11.618,0,0.0477,179.816,0.497
7qaI6YnDKWOblDUwa6b5jQ,Unison,Bjork,0.38,0.52,0.51,0.0392,5,0.203,-10.984,1,0.0465,147.89,0.212
65Ss3ctAvbxR8yypWeOOGT,Paradisia,Bjork,0.913,0.275,0.2,0.848,9,0.491,-13.882,1,0.0352,89.908,0.227
0Aw0Ne2tYYwDirL9L6OYdK,Saint,Bjork,0.61,0.315,0.521,0.00686,5,0.246,-8.301,1,0.0644,119.864,0.276
374rXt5Mj4aqKeHSP2I87w,Future Forever,Bjork,0.948,0.224,0.154,0.000697,10,0.108,-11.81,1,0.0393,170.637,0.19
2BTHUfhgDfLpDmHqpaP1H5,Arisen My Senses,Bjork,0.115,0.331,0.7,0.0,10,0.139,-6.604,0,0.042,98.55,0.356
7FViqcH4AgoFG1JbzGk9HC,Blissing Me,Bjork,0.897,0.497,0.493,3.55e-05,9,0.547,-8.604,0,0.0321,106.0,0.27
5Z2wK6iRQiLUYOZFsARWol,Utopia,Bjork,0.922,0.221,0.478,4.12e-05,9,0.1,-7.756,0,0.0482,79.957,0.177
1EToJbctRETNf8SMSuJgmE,Body Memory,Bjork,0.835,0.311,0.526,0.00011,6,0.125,-8.219,1,0.0492,119.853,0.0545
7E27fZaDam5t5h29R77YOI,Features Creatures,Bjork,0.989,0.316,0.104,0.000285,11,0.0962,-12.933,0,0.0365,143.311,0.0393
4Ql4NDHlIrVOQDb18KUprE,Courtship,Bjork,0.8,0.34,0.476,9.74e-05,1,0.169,-7.642,0,0.122,91.606,0.274
3TTQACcmsUeAnlCqcG6BuJ,Losss,Bjork,0.409,0.2,0.774,7.28e-06,1,0.109,-5.138,0,0.145,78.427,0.272
2rADDCsczKojqbQhEL7q9N,Sue Me,Bjork,0.288,0.42,0.701,3.23e-06,9,0.0684,-6.395,0,0.0912,105.683,0.217
6LL3wwTheJ6mqs7GCByGTw,Tabula Rasa,Bjork,0.904,0.205,0.283,0.0246,2,0.207,-9.317,0,0.0337,164.048,0.0889
5UpZhH9yIfHC4PlCh6GO5W,Claimstaker,Bjork,0.966,0.226,0.196,0.0007,6,0.146,-11.109,0,0.0397,178.129,0.264
2im5iX7LFkBp7vI35x7AYw,Trolla-Gabba,Bjork,0.0653,0.36,0.589,0.278,8,0.0789,-7.337,1,0.0481,94.948,0.0356
1IPwLXziyeuNfp63Dz6ePj,Harm Of Will,Bjork,0.968,0.25,0.143,0.00531,1,0.086,-16.228,1,0.0326,85.771,0.0768
3NAxXFxc3F9TkgNdf5p5ud,Quicksand,Bjork,0.00343,0.604,0.787,0.00118,2,0.0883,-7.453,1,0.0444,149.982,0.318
2nJuqrzE0TOYxxUmKKU7jN,The Gate,Bjork,0.731,0.206,0.251,0.0,2,0.143,-8.834,0,0.0353,77.987,0.0384
2Q0qzMak3O7uDVZrDO9RDN,Moon,Bjork,0.911,0.568,0.251,3.33e-05,4,0.222,-10.645,0,0.0313,166.776,0.128
2A2I0ArIeOv3UfRmDu2UTV,Mutual Core,Bjork,0.468,0.373,0.366,3.9e-06,8,0.463,-9.687,0,0.056,95.407,0.131
0WFuM3mdcg96HpIunFnl62,Midvikudags,Bjork,0.887,0.191,0.411,0.00102,2,0.0843,-11.115,1,0.038,87.22,0.223
4BNIUgqAdOrAWNELDE97nx,Thunderbolt,Bjork,0.788,0.39,0.283,3.01e-05,11,0.171,-9.96,0,0.0429,106.978,0.146
3PfdVg6wGFvUYdGrrUJNQ0,Crystalline,Bjork,0.0123,0.61,0.645,2.72e-05,7,0.0739,-9.608,0,0.0436,179.956,0.412
1bvElUs6RaToYRIzH5HBic,Cosmogony,Bjork,0.944,0.304,0.117,0.000995,1,0.113,-16.904,1,0.0339,64.919,0.151
3Qfwdc3oKa987rm26sdFT2,Hollow,Bjork,0.896,0.517,0.228,0.53,4,0.105,-15.407,0,0.106,131.898,0.0787
6i0qr28saykn5EtvOAlotI,Virus,Bjork,0.646,0.648,0.456,5.85e-06,5,0.0597,-8.03,0,0.0377,120.071,0.152
5K2LRSe7Uz8Vdrf9c21JNl,Sacrifice,Bjork,0.334,0.421,0.541,0.000932,9,0.0765,-11.527,0,0.0501,119.235,0.243
0wRiSqoiIYvQUw19eRHUo0,Solstice,Bjork,0.96,0.755,0.0746,0.000311,5,0.202,-16.69,1,0.0348,107.404,0.287
7zLWUQ4gNwDr8FNTtzSizo,Pleasure Is All Mine,Bjork,0.918,0.164,0.308,0.00107,5,0.074,-13.693,0,0.0335,92.215,0.0367
1GzjQRlfenhwXikSzP8BMw,Where Is The Line,Bjork,0.571,0.414,0.692,0.0087,2,0.18,-9.472,1,0.185,80.048,0.258
6Es2GbFbYM4u7sJQW2wyte,Vokuro,Bjork,0.956,0.335,0.0841,0.0,11,0.103,-15.834,0,0.0329,84.953,0.195
"7nG7rmmtnAliibLwklkLkb,""Who Is It (Carry My Joy On The Left, Carry My Pain On The Right)"",Bjork,0.226,0.532,0.734,2.27e-05,8,0.256,-7.412,1,0.28,92.391,0.119"
7hnQ4COiojjyXuoFCAjQGi,Submarine,Bjork,0.918,0.196,0.148,5.16e-06,10,0.113,-13.451,1,0.033,147.125,0.0365
49ZUpa1AG8OCFic4Q63L4s,Desired Constellation,Bjork,0.849,0.351,0.0859,0.000102,8,0.105,-16.947,0,0.0357,109.782,0.117
5xx8T56isKymJDeIgKNmS6,Sonnets / Unrealities XI,Bjork,0.838,0.385,0.0951,0.0,7,0.225,-13.878,1,0.0593,78.13,0.338
0iYBf6iOkcMrep6WZiVaC0,Ancestors,Bjork,0.955,0.283,0.255,0.000429,9,0.311,-13.29,0,0.0358,111.076,0.0842
2cyoqhQXL8HdbAydLtpUxZ,Mouth's Cradle,Bjork,0.678,0.356,0.531,4.23e-05,1,0.161,-8.993,1,0.0483,79.918,0.357
7rE0T7wX1omYDAj2LU7f1z,Oceania,Bjork,0.474,0.408,0.596,0.0,5,0.238,-8.365,0,0.167,199.931,0.485
1qubHOw8UKDbBOogYCPHwL,Hollow - 7 Minute Version,Bjork,0.961,0.546,0.299,0.632,4,0.113,-11.191,0,0.0439,133.135,0.0723
3Z1gUDug5iR2uKShVc0rZI,Dark Matter - With Choir & Organ,Bjork,0.96,0.219,0.0833,0.339,2,0.123,-16.425,1,0.0403,121.525,0.0298
5YonALFFOa2nHXZWA0yEk9,Nattura,Bjork,0.158,0.46,0.927,0.195,1,0.111,-7.346,1,0.134,95.685,0.618
1UtgKa1GFVhUWlcJtYFzBW,Dark Matter,Bjork,0.865,0.212,0.101,0.0245,9,0.115,-17.787,1,0.0398,109.002,0.0325
09b3awFKYpX8AHUYaF04ty,Show Me Forgiveness,Bjork,0.907,0.486,0.0256,0.0,7,0.206,-19.634,1,0.0382,81.916,0.538
2SlWS1QZzteWJb1Q517L14,oll Birtan,Bjork,0.892,0.471,0.0839,0.0,7,0.341,-12.634,1,0.0441,82.352,0.562
2xMjSaJTUcwlv6lKQGTb5g,Triumph Of A Heart,Bjork,0.503,0.733,0.9,0.000893,11,0.16,-7.011,0,0.101,120.011,0.598
0OF14BivUjlWIsSkM8YkID,Estrada Do Sol,Gal Costa,0.612,0.437,0.289,0.0,0,0.0739,-14.636,1,0.0321,146.338,0.358
2m1G38M0gJuE4aVPh0tmIP,Balance,Gal Costa,0.0849,0.638,0.736,0.0,9,0.333,-10.536,1,0.0811,144.823,0.881
1jS40a1EenwV8LbkFJ7N4r,Solar,Gal Costa,0.789,0.489,0.33,4.35e-06,4,0.158,-13.867,0,0.0369,105.93,0.158
6wXKVwv9OBiiEOS5W3Ylhw,Noites Cariocas (Minhas Noites Sem Sono),Gal Costa,0.407,0.513,0.668,0.0,11,0.101,-12.475,0,0.0996,177.433,0.914
1DIC7C6GzE9S7tqwsUkdMp,India,Gal Costa,0.51,0.457,0.18,0.0,2,0.124,-15.707,1,0.0343,97.725,0.463
5LUvxwjUfv42t4Y6uXZoU3,Musa Cabolca,Gal Costa,0.679,0.738,0.485,0.0247,2,0.117,-13.208,1,0.0381,96.524,0.858
"6OwTwISVd3Nfk9CaXIEUg2,""Bahia, Minha Preta"",Gal Costa,0.326,0.747,0.591,0.204,2,0.163,-10.26,1,0.0397,89.345,0.961"
04O9xGFtrICRAkCvCeB2Xq,Bumbo Da Mangueira,Gal Costa,0.445,0.773,0.758,0.00264,4,0.0819,-10.494,1,0.0665,95.854,0.968
1sJ4kZlieB05DnNYCFN1Jw,Erratica,Gal Costa,0.955,0.564,0.0683,1.65e-06,5,0.0917,-15.39,1,0.0428,110.096,0.213
6sKopGG4r21ObTE8V6pD6x,Forca Estranha,Gal Costa,0.87,0.6,0.12,0.0,7,0.088,-12.805,1,0.0502,60.761,0.439
6jBbwohnRTLJTATcHNXrIX,A Preta Do Acaraje,Gal Costa,0.63,0.447,0.443,0.0,9,0.102,-13.699,0,0.247,97.181,0.371
02I5U6Hwv0jojcoJaFYPw5,Dez Anos,Gal Costa,0.714,0.542,0.505,3.92e-06,5,0.294,-12.265,1,0.0657,111.208,0.657
2XNOX43RojgKRDjm0nLLL7,Olha,Gal Costa,0.566,0.687,0.479,7.09e-05,2,0.122,-14.132,1,0.0277,106.112,0.48
2FcTHT7YIsJuJNbVYk3n19,Juventude Transviada,Gal Costa,0.305,0.741,0.482,0.0,2,0.108,-11.966,1,0.0845,107.776,0.407
052aelzpn96BiGSHLfblmZ,O Bater Do Tambor,Gal Costa,0.0972,0.473,0.668,0.0,1,0.344,-10.787,0,0.216,144.322,0.868
7bABDpHPCPc55rCBnjmljA,Meu Nome E Gal,Gal Costa,0.0904,0.643,0.769,0.0016,7,0.0781,-10.928,0,0.1,95.481,0.845
1WnuBytsKyK75FtGPRLIML,Mae da Manha,Gal Costa,0.862,0.681,0.165,6.14e-06,2,0.0924,-13.177,0,0.0356,93.51,0.48
3JrC6XLT4pa4VVUljeQh0u,Gratitude,Gal Costa,0.953,0.476,0.0513,2.01e-06,2,0.113,-17.153,1,0.035,78.418,0.151
7DqPokh94js5rJUQf1mMtV,Eu Vou Lhe Avisar,Gal Costa,0.102,0.807,0.625,4.07e-05,5,0.105,-11.132,1,0.0425,93.243,0.945
2H7I1wNok0IoFILmJlW5zn,Nuvem Negra,Gal Costa,0.576,0.721,0.184,0.0,9,0.112,-17.424,0,0.0442,138.381,0.582
2swRPS7Kri7xGXJFjZSanu,Samba Rasgado,Gal Costa,0.478,0.672,0.709,0.0,1,0.0413,-13.132,0,0.165,103.163,0.94
6eEO2Kdb1A5GuE38HF8DlG,Sutis Diferencas,Gal Costa,0.524,0.535,0.644,0.000119,8,0.288,-11.584,0,0.048,107.776,0.402
7bYWRdWnk84hsTj9h7kvad,Bahia De Todas As Contas,Gal Costa,0.417,0.737,0.7,8.57e-05,5,0.148,-12.0,1,0.0947,103.609,0.878
2dTsalEmqS8N8dQ4FRCGEC,Sim Ou Nao,Gal Costa,0.528,0.405,0.409,2.34e-06,1,0.203,-10.408,1,0.0289,119.105,0.157
14HD3dj9wrZt4cFqxVF9Ns,Grande Final,Gal Costa,0.302,0.533,0.697,0.0,7,0.0638,-10.421,0,0.199,140.573,0.728
49U4mc1sXfZlMoGeFpDmYP,Rumba Louca,Gal Costa,0.289,0.734,0.788,0.0,7,0.346,-9.466,1,0.111,106.972,0.895
4HjOHnfZDnI8GBX58g4eZb,Olhos Do Coracao,Gal Costa,0.679,0.586,0.604,2.25e-06,4,0.112,-10.792,0,0.0618,129.83,0.839
6gyktdYvwcxqlLt69yP9ty,De Flor Em Flor,Gal Costa,0.786,0.473,0.443,0.0,7,0.201,-12.16,1,0.0461,77.509,0.426
4eSjkLKo82UM5sQEwA72jw,Sublime,Gal Costa,0.0176,0.694,0.703,7.88e-06,5,0.122,-9.437,1,0.0293,126.037,0.759
2yxjJdeGee4MXk1JV474Jv,Ave Nossa,Gal Costa,0.3,0.67,0.417,0.0,2,0.121,-16.812,1,0.168,104.841,0.566
2GwtezywVBW9LQkupMBjY2,Lavagem Do Bonfim,Gal Costa,0.505,0.771,0.633,0.00469,7,0.103,-9.399,0,0.0354,90.054,0.9
5bdLUAp16jcUei1U3vXBNG,Voce e Voce,Gal Costa,0.751,0.469,0.191,1.07e-05,2,0.174,-12.614,1,0.0392,183.86,0.475
0dpfbZJjGAdYXPRcbYawFx,Lagrimas Negras ,Gal Costa,0.808,0.362,0.239,4.74e-06,9,0.974,-14.587,0,0.0625,82.357,0.22
4vrW1O3nZJM8QQN8gzXubU,Chuva de Prata ,Gal Costa,0.681,0.64,0.441,9.95e-06,0,0.71,-9.741,1,0.0379,103.061,0.36
7Ciqgj52631iYw1py2Pfai,Cuidando de Longe ,Gal Costa,0.0157,0.689,0.812,1.23e-05,6,0.969,-9.44,1,0.14,104.037,0.764
2dIRa4PJYNUDqei9fpTKWi,Azul ,Gal Costa,0.241,0.785,0.788,1.14e-05,1,0.971,-8.555,1,0.0663,112.014,0.677
665mP3K5HkI2Eh3XllMl9E,Bloco do Prazer / Balance (Eu Quero Dançar Com Voce) / Massa Real / Festa do Interior ,Gal Costa,0.016,0.486,0.801,1.99e-06,2,0.715,-8.014,1,0.205,147.04,0.629
4sNur9bZAPcDU9PonsqQwM,Chuva de Prata (feat Roupa Nova),Gal Costa,0.617,0.741,0.333,0.000161,0,0.0724,-16.235,1,0.0331,116.966,0.524
65b0deZ0dZxyVEihUg0lJo,De um Role ,Gal Costa,0.143,0.435,0.841,0.0,7,0.955,-6.205,1,0.0969,124.956,0.503
1WhWizm70M63k5UVIHX1Fe,Palavras no Corpo,Gal Costa,0.554,0.564,0.416,0.00145,10,0.11,-6.813,1,0.0423,179.728,0.344
3DxLaxO1DzmrhyWv9kgn40,Vida Que Segue,Gal Costa,0.419,0.577,0.421,0.0012,10,0.086,-8.211,1,0.0285,123.976,0.309
2DgAknj9a6riqm4h7mZdGD,Cuidando de Longe,Gal Costa,0.345,0.717,0.816,0.0,6,0.114,-5.863,1,0.0433,100.033,0.875
3qBziHQo83I9UnLSa6I4TS,Livre do Amor,Gal Costa,0.893,0.429,0.347,0.00144,5,0.1,-11.119,0,0.0283,143.862,0.27
72hvnSG5YSHC219mCHWhMJ,O Que e Que Ha - Faixa Bonus ,Gal Costa,0.943,0.343,0.177,0.0,2,0.0887,-10.235,1,0.0342,84.318,0.251
6MAaXMG5Fk7asTuxJhfCuW,Mae de Todas As Vozes ,Gal Costa,0.0204,0.448,0.617,0.000798,10,0.949,-9.206,1,0.0404,94.246,0.583
"4YAwhv2lkShkXe5p4aLUiX,""Mamae, Coragem "",Gal Costa,0.503,0.519,0.73,0.0,2,0.906,-7.938,1,0.161,157.933,0.515"
0yCmzSntDeIM0uUscoaQx6,Vaca Profana ,Gal Costa,0.0133,0.653,0.889,0.000125,0,0.933,-6.634,1,0.14,132.062,0.79
1Pi3xU0ATMlqKaomcMX6vd,Viagem Passageira ,Gal Costa,0.834,0.683,0.399,1.99e-05,4,0.961,-10.527,1,0.0308,115.937,0.225
"2huJxHkE4BKtNPZtz1d2RS,""London, London "",Gal Costa,0.777,0.664,0.429,7.4e-05,7,0.732,-11.502,1,0.0429,94.924,0.272"
5MfY97H2ZQqikVsc0teSyN,As Curvas da Estrada de Santos ,Gal Costa,0.0781,0.67,0.845,2.53e-05,7,0.957,-7.7,1,0.194,91.986,0.572
3gojFWZfp7TXkLZyKFHmSA,Motor ,Gal Costa,0.197,0.459,0.528,0.0,7,0.972,-8.363,1,0.0554,111.941,0.299
6EUEFWeA8Y3gDugpoUG4MT,Que Pena (Ela Ja Nao Gosta Mais de Mim) ,Gal Costa,0.153,0.533,0.799,0.00136,2,0.733,-8.626,1,0.079,160.83,0.835
3rvZA1pO4csRgfSXsxRY1x,Sua Estupidez ,Gal Costa,0.794,0.561,0.426,0.000803,9,0.927,-12.029,1,0.0467,150.601,0.3
705AD8Y78lmzXNwhRnoRJk,Palavras No Corpo ,Gal Costa,0.459,0.471,0.474,0.0,10,0.955,-9.579,1,0.0994,181.72,0.503
13ZjUtLaoEcgvBd85Apqo0,Volta ,Gal Costa,0.958,0.487,0.111,7.67e-06,8,0.725,-13.661,1,0.057,80.402,0.392
6XI11w7TevAE1nXwl0gI0f,O Que e Que Ha ,Gal Costa,0.951,0.478,0.202,6.63e-06,2,0.713,-12.753,1,0.0545,89.75,0.337
20Js32lv430aV0m66p3sDe,Minha Mae / Oraçao da Mae Menininha ,Gal Costa,0.609,0.473,0.423,0.00316,2,0.932,-12.417,0,0.0394,93.969,0.501
7evbiJrn2oK8ibqFlsuGK8,Sublime ,Gal Costa,0.095,0.696,0.783,5.83e-06,5,0.93,-8.693,1,0.155,127.982,0.621
2c0AOHqobxdAzsMCqANu7V,Nada Mais (Lately),Gal Costa,0.741,0.325,0.126,4.59e-06,5,0.516,-16.558,1,0.0314,75.914,0.108
1EJYIZO30gA9EMFWp3ShGe,Cabeca Feita/Tililingo/Tem Pouca Diferenca,Gal Costa,0.177,0.56,0.702,0.0,4,0.375,-13.403,1,0.254,114.242,0.819
19eQAAUdPF6NQdg7k58VEc,Atras da Luminosidade,Gal Costa,0.0869,0.646,0.789,1.8e-06,11,0.382,-13.1,1,0.0682,147.193,0.881
0A6clrj2p2v17FxInnPhP9,De Volta ao Comeco,Gal Costa,0.425,0.438,0.285,9.42e-05,10,0.18,-17.165,1,0.0414,172.897,0.36
6SipVtMYeSuZqhpcodHKtU,Onde Esta o Dinheiro,Gal Costa,0.129,0.687,0.744,0.000327,3,0.135,-11.523,1,0.0412,147.322,0.962
6hZ3kkJiTkjd2Y1jjZa8oT,Topazio,Gal Costa,0.747,0.565,0.304,1.39e-05,4,0.133,-15.922,0,0.0376,85.554,0.297
0YU75pIqd8tlI7UdYOiTJ9,O Revolver Do Meu Sonho,Gal Costa,0.00819,0.596,0.665,0.0025,4,0.237,-12.35,1,0.0325,140.806,0.773
5fW1ZkE0ze8v5J7fp82XaV,Serene,Gal Costa,0.946,0.491,0.09,0.000212,0,0.0926,-17.322,1,0.0347,134.607,0.135
3hYtvPSovBfIytGGydzJsZ,Alcohol,Gal Costa,0.115,0.819,0.821,0.0002,7,0.0442,-7.642,1,0.0749,95.406,0.81
6ZDeDQJigiJKLycoQPBpP8,Cabelos e Unhas,Gal Costa,0.732,0.532,0.204,0.000734,9,0.111,-12.523,1,0.0409,109.799,0.189
0KElX3To4dTGWY2X2jNSkE,Puro Sangue (Libelo do Perdao),Gal Costa,0.0182,0.571,0.778,0.0,6,0.151,-6.033,1,0.0446,94.017,0.337
5TD43VdJyopI5TjL99Bhd9,Realmente Lindo,Gal Costa,0.542,0.668,0.756,0.00524,4,0.131,-8.701,1,0.0508,191.915,0.876
2PrQvJ8escbS6yi1O8hhMm,Viagem Passageira,Gal Costa,0.736,0.529,0.373,1.9e-06,4,0.112,-8.237,1,0.0271,113.928,0.107
0bzlJXZSEE7t6yiUc4bZpH,Dentro da Lei,Gal Costa,0.638,0.843,0.677,2.64e-05,3,0.101,-7.379,1,0.0558,85.035,0.563
00KSE5ykn5smPjybFNYp16,Minha Mae,Gal Costa,0.81,0.397,0.321,3.96e-05,0,0.113,-9.548,1,0.0367,75.583,0.183
2No6YfPPezL7XpfT4ZfdDN,Mae de Todas as Vozes,Gal Costa,0.0871,0.506,0.528,1.55e-05,10,0.354,-6.792,1,0.0311,186.525,0.491
4H3FbLpaXUXCm9Yp9g29QV,Abre-Alas do Verao,Gal Costa,0.221,0.731,0.722,0.019,7,0.204,-6.251,1,0.0273,121.976,0.842
5Zzf9ZKtAD8NumRKSMZS1s,Sem Medo Nem Esperança,Gal Costa,0.0208,0.682,0.538,0.00416,0,0.287,-8.201,1,0.0288,120.106,0.775
4MVLcUKQPeQ5xdILnFqhka,Jabitaca,Gal Costa,0.353,0.71,0.361,6.23e-05,2,0.115,-11.765,1,0.0385,121.958,0.685
2D5DLxPGRhGRGagzVOMqkw,Estratosferica,Gal Costa,0.231,0.786,0.528,0.00439,9,0.144,-10.217,0,0.0707,107.992,0.883
0yzDKlpEFOq6MTa7q6rrIG,Ecstasy,Gal Costa,0.408,0.846,0.485,8.02e-05,0,0.0764,-11.45,1,0.0567,134.009,0.471
48p7KUdbv2wcV9ahenKcWl,Dez Anjos,Gal Costa,0.935,0.582,0.29,0.0188,10,0.132,-13.264,1,0.0335,144.031,0.0748
0owisQCyzZRYeoY6vSDWg4,Espelho D'agua,Gal Costa,0.665,0.545,0.25,0.000356,9,0.101,-12.479,0,0.0315,103.377,0.0551
50c0knPGjaJAuE4hRg28Qq,Quando Voce Olha Pra Ela,Gal Costa,0.454,0.761,0.59,0.00933,10,0.0926,-10.274,1,0.0449,158.053,0.895
1e4CChuVVZQnYzv8xVOba3,Por Baixo,Gal Costa,0.212,0.806,0.703,0.00532,7,0.105,-10.691,1,0.0737,103.94,0.838
7q0IYsFahiplHOfa5fjF4z,Casca,Gal Costa,0.262,0.692,0.722,0.0499,5,0.158,-8.988,0,0.0273,137.94,0.918
3naKn18ym9Dwg9bSE4Tqw2,Atimo de Som ,Gal Costa,0.766,0.577,0.547,0.0171,0,0.11,-8.395,1,0.0583,179.999,0.475
61vVI0WiHEGaoTX8Eve2zd,Vou Buscar Voce Pra Mim ,Gal Costa,0.845,0.732,0.64,0.00573,11,0.104,-10.331,0,0.0747,167.808,0.732
4XcQgo08JXbqYE1v9ccRiK,Muita Sorte,Gal Costa,0.225,0.847,0.729,0.0,1,0.178,-8.956,0,0.138,101.977,0.506
7oP2vdOz7j44d5oDty76lh,Amor Se Acalme,Gal Costa,0.732,0.795,0.342,0.0,4,0.0677,-11.945,0,0.0312,106.046,0.413
1FTEDDvf7ruml5nU1t5zAg,Anuviar,Gal Costa,0.322,0.486,0.344,0.00799,2,0.174,-10.058,1,0.0492,170.19,0.453
06nZ4sw8hnweWPR3fBikkL,Voce Me Deu,Gal Costa,0.814,0.631,0.26,0.094,2,0.104,-12.969,1,0.0315,112.006,0.155
7bpgY7msaPM0N9r7r9SJsN,Ilusao a Toa ,Gal Costa,0.548,0.654,0.38,0.000134,9,0.136,-11.464,1,0.03,78.053,0.263
3keZP9msBTP7DhCMT3L2D2,Autotune Auterotico,Gal Costa,0.608,0.689,0.309,9.46e-06,3,0.362,-13.403,1,0.0616,96.154,0.407
2y1EUXRim7KkzH9rrmcdm2,Neguinho,Gal Costa,0.549,0.816,0.506,0.0192,9,0.439,-12.739,0,0.0646,109.93,0.26
2tVy7vsdlwdWJ2D0lYFZK3,Tudo Doi,Gal Costa,0.682,0.624,0.222,0.0,2,0.211,-14.852,1,0.211,94.657,0.121
5J5310S7YNOMn9u6SEy44Y,Madre Deus,Gal Costa,0.527,0.408,0.42,5.11e-05,3,0.162,-15.643,0,0.0605,75.723,0.196
1Cz4KWGACNzXNn7UDLWm3Z,Recanto Escuro,Gal Costa,0.701,0.643,0.231,0.0135,7,0.125,-17.991,0,0.73,141.107,0.425
3A8ZCorEKWZPfTdl72Es8g,Cara Do Mundo,Gal Costa,0.64,0.78,0.342,0.0782,1,0.288,-11.369,1,0.0561,115.804,0.414
3BAcIeNa1Mk3dwtykJ97Eo,O Menino,Gal Costa,0.0518,0.649,0.486,0.00936,5,0.105,-11.66,1,0.0331,139.869,0.196
7yAxIXGYUCalsO5mFaQUkq,Mansidao,Gal Costa,0.75,0.704,0.269,0.00228,0,0.0819,-18.293,0,0.0657,139.997,0.469
5gncHpCOlxUr7M580ZAk4O,Sexo E Dinheiro,Gal Costa,0.092,0.599,0.183,0.0,9,0.0882,-15.273,0,0.0294,77.853,0.153
0srylMsietpFvRizdsfhPS,Miami Maculele,Gal Costa,0.385,0.857,0.484,0.000379,4,0.432,-11.102,0,0.208,126.112,0.804
1SxNHQSrK1U9d4gZ866LBX,Segunda,Gal Costa,0.727,0.552,0.234,0.0328,0,0.115,-16.328,1,0.0469,80.029,0.249
3z0VsIqM5LtZelkyrLEb7G,Never Gonna Give You Up / Abalou ,Ivete Sangalo,0.457,0.54,0.951,0.000816,1,0.404,-6.122,0,0.119,150.045,0.626
1Z1XFWR9jucE8mmxkEP7tP,Nao Quero Dinheiro (So Quero Amar) ,Ivete Sangalo,0.368,0.539,0.959,0.0,7,0.691,-7.097,1,0.188,149.99,0.418
2Fbcy5UiPifNNi25DtdPIi,Berimbau Metalizado ,Ivete Sangalo,0.347,0.692,0.938,1.51e-05,11,0.983,-6.689,0,0.0772,90.0,0.808
72k3AHRLMfr00Ze0WIHxQW,Corazon Partio - Live,Ivete Sangalo,0.67,0.374,0.852,0.0,5,0.775,-7.333,1,0.0804,86.023,0.629
6jMBGpQwWgdWwmh4il3NVK,Nao Me Conte Seus Problemas ,Ivete Sangalo,0.567,0.64,0.915,0.000199,5,0.977,-7.739,0,0.0977,109.967,0.597
2NTomSh86Fy6iHf4DSf49g,Nao Precisa Mudar ,Ivete Sangalo,0.577,0.529,0.828,1.47e-05,0,0.467,-7.118,1,0.0362,90.048,0.675
3erc3xrLgqK9fegOBAFZKw,Isso Nao Se Faz,Ivete Sangalo,0.0722,0.643,0.613,4.61e-06,9,0.097,-7.296,0,0.0291,136.054,0.433
6w73nWfw1WvYMVj4jGiLDe,No Brilho Desse Olhar,Ivete Sangalo,0.0247,0.547,0.724,0.0,1,0.228,-6.996,1,0.0403,96.149,0.567
53JAQ5cTqDCakMAniUjcRC,Balancando Diferente,Ivete Sangalo,0.118,0.755,0.908,0.000345,0,0.116,-5.649,1,0.0426,110.003,0.794
65j3soE7ndZAMaJMLe6GoV,So Nos Dois,Ivete Sangalo,0.0703,0.675,0.945,0.000343,10,0.253,-5.236,0,0.0511,124.0,0.759
4z0sKqCz6oOeknnxMId5AG,So Num Sonho,Ivete Sangalo,0.54,0.561,0.557,0.0,2,0.229,-6.507,1,0.0262,133.822,0.186
7DT7lcTZBDge2qfzPKg9LJ,Delira Na Guajira,Ivete Sangalo,0.33,0.704,0.87,0.0,0,0.192,-5.096,0,0.0347,147.021,0.941
2WU2YyhtHu3oXBrMwOiYSQ,Real Fantasia,Ivete Sangalo,0.066,0.622,0.891,0.0,6,0.0483,-5.353,0,0.062,166.072,0.717
5EybGru1QEuwXMDFjBoOCT,Me Levem Embora,Ivete Sangalo,0.952,0.336,0.262,0.003,5,0.124,-11.462,1,0.0305,86.922,0.255
7pWW81i3iKUqNPrVV99wCK,Eu Nunca Amei Alguem Como Te Amei,Ivete Sangalo,0.334,0.646,0.545,1.64e-05,10,0.177,-7.817,1,0.0244,132.006,0.204
1GL59ECaARDtGYRcFPAz2o,Dancando,Ivete Sangalo,0.159,0.84,0.818,2.91e-05,11,0.0648,-5.457,0,0.073,114.039,0.824
2mxOEuYmgKVxUopp1hFxV0,Qui Bele,Ivete Sangalo,0.241,0.61,0.968,0.0,5,0.867,-5.144,0,0.155,150.054,0.716
0ITuYOPXILRdfMovdjwfPI,Brasileiro,Ivete Sangalo,0.164,0.515,0.989,9.97e-05,6,0.0795,-5.754,1,0.185,138.787,0.132
7c5ABhymTi0uT61a1eynjn,Festa / Sorte Grande ,Ivete Sangalo,0.00594,0.575,0.936,0.000127,2,0.971,-5.484,1,0.0785,148.028,0.545
6ZSMAODYXf8rPUXktvvDOh,Na Base Do Beijo ,Ivete Sangalo,0.216,0.518,0.962,0.0,6,0.521,-5.162,1,0.217,158.088,0.51
71UV2drV7lEjS6p4Qu316j,Acelera Ae (Noite Do Bem),Ivete Sangalo,0.0179,0.617,0.978,5.94e-05,1,0.968,-4.195,1,0.12,139.983,0.452
5tf5sk7EzxDzC8yU0HHOss,Cade Dalila,Ivete Sangalo,0.0824,0.352,0.921,0.0,1,0.83,-5.045,1,0.155,172.359,0.486
1YXIwJMwyNzpfeDjbNpuXv,Flores (Sonho Epico),Ivete Sangalo,0.0752,0.512,0.949,0.0,0,0.898,-4.964,1,0.208,170.209,0.474
63QK8IGfyBepxHKPgDA9GA,Desejo De Amar,Ivete Sangalo,0.106,0.591,0.974,0.0,4,0.928,-4.729,0,0.153,172.886,0.418
04tq46OmNGxlTXSooi5hyq,Darte,Ivete Sangalo,0.463,0.633,0.806,0.0,7,0.927,-5.327,0,0.0964,98.03,0.471
3VSAAasWUy69PgX19tsWUx,Pra Falar De Voce,Ivete Sangalo,0.436,0.639,0.941,4.64e-05,5,0.948,-5.445,1,0.117,158.024,0.723
2LJj9BXps4Sk1hPpAfsvaM,Human Nature,Ivete Sangalo,0.295,0.579,0.887,0.0,5,0.767,-4.941,1,0.0564,92.918,0.609
4Ls8GUAMWMadyU2bWCyocz,Me Abraca Medley,Ivete Sangalo,0.546,0.491,0.915,0.0,9,0.86,-6.157,1,0.116,113.115,0.255
2pQdBjAvy1uQCftZ74NSPo,Where It Begins,Ivete Sangalo,0.247,0.544,0.933,1.77e-05,6,0.87,-4.985,1,0.0556,104.989,0.529
4NIss4KWIchNRtl6nczMh4,Meu Segredo,Ivete Sangalo,0.318,0.634,0.87,0.00116,8,0.386,-5.742,0,0.0661,82.033,0.613
1lvAO9CiPHVfvpKjFYWW4y,Berimbau Metalizado,Ivete Sangalo,0.182,0.719,0.948,6.64e-06,11,0.617,-5.036,0,0.103,93.974,0.676
6BHXoRwNkMvZKk27V4cldT,Pensando Em Nos Dois,Ivete Sangalo,0.481,0.595,0.922,3.08e-06,2,0.924,-5.478,1,0.202,98.01,0.434
3zzaLXhF9f5pr8V20pfycx,Easy,Ivete Sangalo,0.669,0.509,0.607,0.000122,0,0.843,-7.003,0,0.0293,133.223,0.198
425t0725gK1NOjZgdKUXoR,Ahora Ya Se,Ivete Sangalo,0.193,0.413,0.732,0.0,0,0.949,-5.516,1,0.0331,173.712,0.317
623wkDwbgPqhXPTFmrMbsI,Ilumina ,Ivete Sangalo,0.306,0.607,0.93,0.0,2,0.98,-6.355,1,0.0931,94.008,0.754
6Oxtjoy16x6u0pSGzAcQjr,Vejo O Sol E A Lua,Ivete Sangalo,0.222,0.733,0.846,0.0,9,0.231,-5.049,1,0.048,93.978,0.856
3y2feYoRGwOLqRm9TDgPkv,Puxa Puxa,Ivete Sangalo,0.135,0.753,0.806,1.71e-06,11,0.0601,-5.26,1,0.0488,104.038,0.867
6K8w0i3YFNxWqOUoUqPgaV,Dancando,Ivete Sangalo,0.133,0.847,0.825,0.000298,7,0.0698,-5.07,1,0.0688,114.004,0.86
342WZ6jL96qTrTrUMzJSbS,No Meio Do Povao / Citacao: Depois Que O Ile Passar,Ivete Sangalo,0.105,0.76,0.884,1.44e-05,8,0.0599,-4.699,1,0.0421,93.994,0.918
1AUW7NshwVGPAwW0CpPXmL,Essa Distancia,Ivete Sangalo,0.0128,0.659,0.776,3.48e-05,11,0.0651,-5.348,0,0.0367,138.066,0.846
4jKVvDozPlzqFTzJoqvI3m,A Galera ,Ivete Sangalo,0.501,0.677,0.898,0.00219,11,0.501,-6.185,1,0.0532,125.852,0.962
4BxitSY7F9pdfq4B2qC4I6,Citacao: e Dificil / Chorando Se Foi (Llorando Se Fue) / Preta ,Ivete Sangalo,0.272,0.608,0.948,0.0129,2,0.838,-5.457,0,0.0518,127.983,0.831
0989mSE1CqgEmRekhhDHPL,Bota Pra Ferver ,Ivete Sangalo,0.0368,0.484,0.948,0.00495,0,0.988,-6.113,0,0.0864,172.021,0.721
2JCJo2D4iPQYZejfeUmYBj,Quando A Chuva Passar - Live,Ivete Sangalo,0.621,0.445,0.636,6.31e-06,9,0.961,-8.773,0,0.0337,75.014,0.327
2Dy5jQWeUq63l0DFMjk5qR,Deixo ,Ivete Sangalo,0.625,0.494,0.709,4.76e-05,1,0.699,-8.782,1,0.0336,80.033,0.501
3kw8L1DTHXvK9EKezZisQ4,Nao Vou Ficar ,Ivete Sangalo,0.209,0.659,0.91,0.001,7,0.93,-5.989,1,0.0891,100.04,0.621
57R1ZYonOLmq8UQnrk6vcq,Nosso Sonho / Conquista / Poder - Medley/Live,Ivete Sangalo,0.158,0.646,0.862,0.0,0,0.828,-8.199,1,0.0335,134.041,0.882
4S0qALW1vuLPiGiWGMh0oV,Vem Meu Amor / Nossa Gente (Avisa La) ,Ivete Sangalo,0.351,0.54,0.821,0.0,11,0.986,-8.836,0,0.128,164.474,0.741
2oh9IhwPLdMxtMmyKFZNcj,Flor Do Reggae ,Ivete Sangalo,0.121,0.614,0.791,1.78e-05,1,0.699,-8.774,1,0.0459,164.454,0.811
3Oz2ATj3mLwmWxxSRfF6zz,Carro Velho ,Ivete Sangalo,0.242,0.484,0.916,2.37e-06,11,0.853,-8.051,0,0.385,170.727,0.334
0ErzvgPs50SY7hTdOuM8hf,To Na Rua ,Ivete Sangalo,0.147,0.467,0.837,0.0,11,0.435,-9.206,0,0.252,172.487,0.396
"0tJLdEUX62lwlG6H87DHTO,""Empurra, Empurra "",Ivete Sangalo,0.145,0.551,0.886,0.0,2,0.982,-8.246,1,0.169,175.532,0.737"
3PGWF5SbnOfilzGb505vwN,Chica Chica Boom Chic ,Ivete Sangalo,0.277,0.728,0.84,5.54e-05,7,0.771,-8.167,1,0.0597,106.317,0.779
5jrWBkRdP2Skh2A1HTX3JX,So Pra Me Ver ,Ivete Sangalo,0.398,0.724,0.863,0.0,4,0.662,-8.563,0,0.103,116.356,0.666
4qPCEJ3WOxnTEY8yy2BhWQ,Festa ,Ivete Sangalo,0.353,0.658,0.882,1.03e-06,7,0.942,-8.191,1,0.148,142.062,0.567
7lmR92qnBmn24Nykw8dCYI,Astral ,Ivete Sangalo,0.237,0.643,0.837,2.67e-05,0,0.679,-8.424,1,0.0952,114.3,0.594
38D6jO7JDx9nOB7KVNwr64,Faz Tempo ,Ivete Sangalo,0.488,0.641,0.632,0.0,9,0.923,-9.681,1,0.0459,90.305,0.521
2rVX5xmlOcjKY9dNSRrWM5,A Lua Q Eu T Dei ,Ivete Sangalo,0.652,0.48,0.526,6.26e-06,0,0.971,-9.586,0,0.0386,120.402,0.274
2oUFcJMAqhMSwWCQdrkEdp,Se Eu Nao Te Amasse Tanto Assim ,Ivete Sangalo,0.636,0.432,0.419,0.0,2,0.968,-10.644,1,0.0286,100.043,0.302
0asXoy7dl9blYrWdO1m7TJ,De Ladinho ,Ivete Sangalo,0.453,0.661,0.795,0.0,9,0.905,-8.533,1,0.0796,104.273,0.59
2mmlqcQfh09vAEYPsexV1K,Perere ,Ivete Sangalo,0.224,0.538,0.84,0.0,10,0.9,-7.623,0,0.23,172.527,0.545
3tiaYeDUENdQXkSy9kpqAB,Canibal ,Ivete Sangalo,0.385,0.58,0.901,0.0,7,0.755,-7.495,1,0.286,172.391,0.442
4lEymc6FBa8fAdY0ouQq75,Pan Americana ,Ivete Sangalo,0.62,0.435,0.658,0.0,1,0.756,-10.681,0,0.212,147.469,0.66
1gsQwdI6ypBnFFZEyH6mtV,Chao Da Praca ,Ivete Sangalo,0.433,0.546,0.722,0.0,9,0.94,-11.453,0,0.317,161.996,0.424
3H1Ld6NUiVKzfB4QCnePS9,Desperdicou ,Ivete Sangalo,0.589,0.679,0.808,0.0,6,0.976,-9.501,1,0.0651,103.935,0.71
3kLTtSt4YY4aTztR7u3Uyb,Colecao ,Ivete Sangalo,0.676,0.413,0.239,4.99e-05,7,0.962,-18.155,1,0.0406,127.299,0.215
0Y5Z2yK58TH8xz7fQYhNeb,Levada Louca ,Ivete Sangalo,0.0123,0.518,0.719,0.000289,11,0.742,-10.798,0,0.119,172.044,0.488
4GxKaxGne8yZAT3DEC0qVR,Pais Tropical / Arere / Taj Mahal ,Ivete Sangalo,0.215,0.533,0.947,4.88e-06,4,0.928,-6.351,1,0.156,172.951,0.607
1z1NRMpt1YmaEHxmBpHOBb,Completo - Live,Ivete Sangalo,0.781,0.432,0.501,0.0,9,0.689,-8.513,1,0.0355,160.348,0.37
19n5IEk5Spg5qearFSCi4a,Dengo de Amor - Live,Ivete Sangalo,0.504,0.515,0.875,9.35e-05,7,0.366,-5.694,1,0.0702,126.66,0.906
15npfKQYgJ0cgZDqyB3RyY,Sorte Grande ,Ivete Sangalo,0.0951,0.519,0.886,3.35e-05,4,0.74,-7.931,0,0.105,148.465,0.42
5lBweAA2AT4ZQ07DPHBMqR,Arere ,Ivete Sangalo,0.365,0.488,0.841,0.0,11,0.978,-11.903,1,0.119,169.923,0.43
3XFcR5aTojLGMMSsIKeHTx,Eva (Eva) / Alo Paixao / Beleza Rara ,Ivete Sangalo,0.182,0.578,0.895,4.34e-06,11,0.701,-8.07,0,0.103,102.367,0.37
678HLtE99TsJutCHY3lxQw,ultimo Pau De Arara,Ivete Sangalo,0.376,0.707,0.949,0.0,0,0.117,-3.049,1,0.0505,114.121,0.805
0tzd3O3nxmqsL7DRGQzSkB,Pan Americana,Ivete Sangalo,0.348,0.754,0.809,0.00136,1,0.0678,-7.172,0,0.0924,147.018,0.779
66TBNORp1Vk3iTkk0gwBMw,Faz Tempo,Ivete Sangalo,0.35,0.736,0.671,2.79e-05,9,0.151,-5.559,1,0.0504,90.023,0.815
2t2Tosar26XSc0Wf3JniPn,Natural Collie,Ivete Sangalo,0.0513,0.852,0.372,0.32,1,0.0833,-11.148,0,0.0399,135.062,0.329
7K9wXvqpmDkcnfDXZR8XhJ,Retratos E Canções,Ivete Sangalo,0.467,0.71,0.5,0.0666,5,0.107,-10.057,1,0.0417,80.024,0.679
7dAYRVtICDPbqLm78ansMD,Devagar E Sempre,Ivete Sangalo,0.148,0.788,0.733,0.0445,9,0.335,-5.015,1,0.0563,100.074,0.688
5XFcSRMjtLq7tamU5EUYxc,Vai Dar Certo,Ivete Sangalo,0.527,0.885,0.841,0.031,4,0.13,-8.042,0,0.0836,98.027,0.932
5BLFvFbPRqVNU1jJ8eMHlO,Azul Da Moda,Ivete Sangalo,0.232,0.736,0.9,0.000245,6,0.0251,-5.616,1,0.102,152.091,0.887
"2RIe6OVjgv8Q0Y0qVSnNWU,""Você E Eu, Eu E Você (Juntinhos)"",Ivete Sangalo,0.0875,0.84,0.875,0.0457,6,0.104,-9.256,0,0.0623,128.033,0.798"
3suTVzqKwhWMMCn80lk3is,Somente Eu E Você,Ivete Sangalo,0.824,0.515,0.276,9.07e-05,0,0.166,-10.444,0,0.0249,95.932,0.142
0MOfiQMp8su2saEYjOjCzs,Taxi Lunar,Ivete Sangalo,0.129,0.636,0.907,0.0,11,0.334,-1.864,0,0.0313,149.862,0.886
0rTKvHvxhM7q7X4ULc5PgM,Vem Meu Amor,Ivete Sangalo,0.349,0.677,0.87,0.0,1,0.0573,-2.217,0,0.0711,169.985,0.962
5HiLGMwxrKUXLsUBLHuBq6,Flor Do Reggae / Mega Beijo - Medley,Ivete Sangalo,0.171,0.681,0.853,1.11e-06,6,0.119,-2.919,1,0.132,170.019,0.853
6YiEJpTX32QXCmwumOPZ0p,Eu So Quero Um Xodo,Ivete Sangalo,0.225,0.634,0.95,0.0,11,0.307,-2.762,1,0.0488,113.808,0.896
4fjLx1gIICEaTeDvsIMZtj,Esperando Na Janela,Ivete Sangalo,0.195,0.618,0.763,0.0,7,0.125,-3.159,1,0.0388,165.97,0.953
0lMdQLOSHfVx0WN44Be7gu,O Chevete Da Menina,Ivete Sangalo,0.263,0.74,0.969,0.0,2,0.122,-3.0,1,0.0402,100.032,0.928
6CQjRAZTQiENHF7fiFsybp,Dona Da Minha Cabeça,Ivete Sangalo,0.287,0.665,0.852,0.0,7,0.341,-2.539,1,0.0509,75.028,0.84
3oPK9Wh4DkEuv8aqQKxOdP,Chorando E Cantando,Ivete Sangalo,0.169,0.574,0.883,4.98e-06,4,0.407,-2.821,0,0.0408,75.125,0.63
7dXnB9cq4JrY28THlHb694,Brasileiro,Ivete Sangalo,0.172,0.789,0.904,0.000425,2,0.106,-6.028,1,0.0896,135.042,0.759
1CAjaXBSKr0LbmBZ4RKMYI,Ritmo Gostoso,Ivete Sangalo,0.228,0.823,0.921,0.007,11,0.0983,-6.081,0,0.0864,128.019,0.818
2IXiZtz7EVJpsyZwoxBy6K,Sorte Grande,Ivete Sangalo,0.165,0.737,0.842,0.00468,2,0.143,-5.234,1,0.0596,142.025,0.965
4qYixB21e1Qfd7njIlnnyF,Verdadeiro Carnaval,Ivete Sangalo,0.311,0.8,0.827,0.0044,11,0.0786,-5.99,0,0.0644,98.049,0.815
4OhCJCq9qP0FMOL19bEtGU,Só Pra Me Ver,Ivete Sangalo,0.328,0.881,0.824,3.78e-05,2,0.0501,-7.714,1,0.0745,112.124,0.715
16ugUbHlThxYSK7gwY1OP8,Me Deixe Em Paz (Can You Read My Mind),Ivete Sangalo,0.267,0.684,0.838,0.0,7,0.0595,-6.94,0,0.204,195.445,0.781
5Nn4v1rYnY0WvJWg4NKO9h,Rosa Roseira,Ivete Sangalo,0.428,0.71,0.892,2.4e-06,7,0.0576,-4.892,1,0.122,150.877,0.631
0CbDHqNoKr8HM0eXenst4P,Tanta Saudade,Ivete Sangalo,0.326,0.831,0.771,7.58e-06,11,0.107,-6.743,0,0.0783,124.443,0.918
4C5EI8PXIVyFHUDBD16PdC,Pererê / Citação Musical: Saci,Ivete Sangalo,0.16,0.7,0.846,0.0,5,0.935,-5.434,0,0.196,166.887,0.723
4N9fwvcNBaUL0O6zTpXMqX,A Lua Q Eu T Dei,Ivete Sangalo,0.644,0.609,0.409,3.84e-05,10,0.104,-8.998,1,0.028,120.127,0.183
3NXcRDCn9AKRSWSwCeVMFX,Balanço Black,Ivete Sangalo,0.408,0.86,0.868,0.0,8,0.0573,-6.939,1,0.0527,102.677,0.876
0BZCotXfXpPEdv8h2zWIcc,Postal,Ivete Sangalo,0.631,0.776,0.314,5.46e-05,10,0.0684,-12.112,0,0.036,138.942,0.39
3esY1Xgg3zhLx3PZwsqjfv,Bug Bug Bye Bye,Ivete Sangalo,0.427,0.815,0.737,0.0,4,0.57,-6.611,1,0.0352,146.711,0.968
72jTXKGSxhyvTvZYxMHAls,Beat Beleza,Ivete Sangalo,0.391,0.798,0.914,0.0038,1,0.128,-6.314,1,0.0505,128.784,0.91
3VN0KxCqTYtYrz8NBMxGsr,Vira Vira,Ivete Sangalo,0.333,0.765,0.902,0.0,5,0.332,-5.074,0,0.0722,100.633,0.874
3haQVg440h0xmPQyJqhrME,Quer Que Eu Vá,Ivete Sangalo,0.238,0.846,0.695,7.92e-06,0,0.0442,-6.944,1,0.0285,131.735,0.963
4yKfA6OTgDERkfGIDgGlXl,Meu Abraço,Ivete Sangalo,0.75,0.807,0.342,2.1e-06,9,0.164,-8.873,1,0.0305,120.807,0.238
3RDkiysLZhBpVKlGDW4Hk4,Romance Muito Louco,Ivete Sangalo,0.512,0.688,0.672,0.0,7,0.288,-6.954,0,0.0431,144.706,0.793
"6qiLKAxcu51O1xvbhsMM3b,""Empurra, Empurra"",Ivete Sangalo,0.242,0.7,0.913,3.08e-06,2,0.321,-4.737,1,0.0755,176.178,0.818"
3uUCgL0cbSd0isnqhHCm1f,Off To The Races,Lana Del Rey,0.0621,0.399,0.721,0.00282,4,0.278,-5.562,0,0.0523,160.125,0.113
7LQKuOaqJrNgVIGLFnfvdn,Million Dollar Man,Lana Del Rey,0.484,0.382,0.589,0.0,6,0.131,-5.991,1,0.0359,65.627,0.511
1Yfgbr2kZrb3u0NP8ioyuk,American,Lana Del Rey,0.535,0.397,0.585,0.000438,7,0.0976,-6.518,1,0.0359,143.983,0.18
302ZEWd1TDXvA4PLz0UQhj,24,Lana Del Rey,0.782,0.284,0.372,0.000183,8,0.103,-9.821,0,0.0356,98.181,0.0853
6ayKgleoMF26lvU1Z7wVm7,Cruel World,Lana Del Rey,0.274,0.33,0.507,4.65e-06,5,0.122,-6.368,0,0.0339,122.164,0.177
1y3r6RXiJZNBV1EI0NggpS,Ultraviolence,Lana Del Rey,0.278,0.144,0.541,1.01e-05,0,0.101,-7.076,1,0.038,79.262,0.0899
4VSg5K1hnbmIg4PwRdY6wV,Shades Of Cool,Lana Del Rey,0.554,0.262,0.482,0.0161,2,0.244,-6.863,0,0.0302,137.918,0.0878
4Ouhoi2lAhrLJKFzUqEzwl,Born To Die,Lana Del Rey,0.222,0.428,0.626,8.22e-05,4,0.277,-6.639,0,0.0339,86.02,0.379
0fBSs3fRoh1yJcne77fdu9,Video Games,Lana Del Rey,0.811,0.236,0.249,1e-06,6,0.087,-9.595,0,0.0348,72.847,0.181
2vtmY2mSccRzKGjtcHSzI3,Diet Mountain Dew,Lana Del Rey,0.276,0.595,0.696,0.0,10,0.411,-5.921,0,0.0417,88.013,0.533
4RyK6N4IQ85xxLgguQAFH5,Blue Jeans,Lana Del Rey,0.418,0.558,0.837,0.0,3,0.0821,-4.405,1,0.0633,117.963,0.488
4X5zaUdlRhvBWYnyQIKmH8,Honeymoon,Lana Del Rey,0.953,0.169,0.269,0.00828,5,0.111,-13.265,0,0.036,74.847,0.173
34rRFl0bz9PocxWuO2ca5J,Music To Watch Boys To,Lana Del Rey,0.713,0.4,0.494,0.000334,1,0.238,-8.04,0,0.0367,132.016,0.134
44JxL1qNXXQYniZ5T3MUs9,Terrence Loves You,Lana Del Rey,0.975,0.296,0.25,0.0187,7,0.0988,-10.088,1,0.0314,102.031,0.0898
5R65WfxdtxpTNSIloTfIdM,God Knows I Tried,Lana Del Rey,0.846,0.398,0.428,0.0338,5,0.185,-8.292,0,0.0275,81.017,0.111
3sYDVtqO35oRSOIMx7dOqR,Freak,Lana Del Rey,0.269,0.287,0.43,0.000579,5,0.32,-10.014,0,0.033,93.984,0.109
5jqNQZBwbZWQXPWfo0ygZF,Art Deco,Lana Del Rey,0.544,0.282,0.464,0.215,11,0.111,-11.112,0,0.0533,148.345,0.0596
14Oj2lH9MMI761zeGgnsyR,Burnt Norton - Interlude,Lana Del Rey,0.9,0.28,0.304,0.806,8,0.135,-18.57,1,0.0359,85.765,0.523
1Yh4lOCbcskjSfYPDnn7EW,Religion,Lana Del Rey,0.813,0.416,0.459,0.0428,9,0.102,-9.977,0,0.0366,135.689,0.175
21qg0IBZf8R12qHd9A3AA4,Salvatore,Lana Del Rey,0.675,0.304,0.311,0.00195,11,0.12,-9.647,0,0.0344,117.68,0.115
1DYRRZ5rSlc1PopnB7azLZ,Swan Song,Lana Del Rey,0.636,0.34,0.361,0.421,1,0.259,-11.567,0,0.0294,81.765,0.0392
0iq0P0HYtpChhUNH5KuqQK,Don't Let Me Be Misunderstood,Lana Del Rey,0.316,0.327,0.351,5.93e-06,9,0.107,-10.488,0,0.0327,80.386,0.063
6g4RVB6qiuySTw9FCV1HEM,Without You,Lana Del Rey,0.636,0.586,0.593,0.000131,6,0.115,-8.394,1,0.0329,111.942,0.668
4MDpkzAyG2X0dmtOU0ZESX,Lolita,Lana Del Rey,0.0744,0.493,0.946,4.89e-05,0,0.351,-4.304,0,0.124,135.955,0.134
24h1notzzKOcLZSdRYa7yn,Lucky Ones,Lana Del Rey,0.778,0.375,0.416,2.48e-06,0,0.23,-7.149,1,0.0283,134.923,0.271
7cNz65PfCatRXoX7QtqM2A,National Anthem,Lana Del Rey,0.531,0.532,0.899,0.000146,0,0.0957,-5.935,0,0.244,85.0,0.436
6qqdFWe7C4LsBjWbXQdsHA,Dark Paradise,Lana Del Rey,0.0953,0.6,0.653,0.0,1,0.122,-8.309,0,0.0594,119.994,0.43
3taCbWWTilb7eNMsAzOBq4,Radio,Lana Del Rey,0.188,0.423,0.857,2.63e-05,2,0.105,-5.173,1,0.0687,75.024,0.196
1FaHPLv48VjsTkPCQOH7bv,Carmen,Lana Del Rey,0.098,0.524,0.427,0.000273,1,0.129,-9.57,0,0.0297,100.024,0.0379
3BJe4B8zGnqEdQPMvfVjuS,Summertime Sadness,Lana Del Rey,0.0542,0.565,0.654,1.8e-06,1,0.122,-6.826,0,0.0335,111.968,0.235
1Lw2xRuW5fcieRPfoskgog,This Is What Makes Us Girls,Lana Del Rey,0.0904,0.534,0.842,0.0388,2,0.203,-7.031,0,0.0925,138.004,0.441
7yFMhCJOsH7khgpdnyrZAZ,Ride,Lana Del Rey,0.128,0.373,0.686,1.96e-06,0,0.383,-5.52,1,0.034,93.763,0.189
3I5azi0831uNpYQsfYsW7G,Cola,Lana Del Rey,0.0699,0.298,0.668,2.44e-05,1,0.59,-5.536,0,0.0478,110.063,0.121
5ZyM4VMzHSaz8OlIZRuZBH,Body Electric,Lana Del Rey,0.466,0.245,0.492,0.0,1,0.0851,-9.397,0,0.0593,167.7,0.104
5SzoFexynLVceTLggJTZZM,Blue Velvet,Lana Del Rey,0.812,0.189,0.317,0.0719,10,0.214,-8.631,1,0.028,84.809,0.251
4uhSo9cVBVpdDCNxf4MBaP,Gods & Monsters,Lana Del Rey,0.00193,0.352,0.725,2.73e-06,8,0.22,-6.463,0,0.0656,189.767,0.339
2rldjI2fK6nYwlMgaITluf,Yayo,Lana Del Rey,0.926,0.506,0.201,0.000411,3,0.253,-12.931,0,0.0294,71.925,0.145
7E8A5k5VOhPmt6pGPDJhxQ,Bel Air,Lana Del Rey,0.864,0.346,0.42,0.0875,2,0.901,-11.506,0,0.0298,83.56,0.303
7g3htkaLz4ETFn0cifwM3y,High By The Beach,Lana Del Rey,0.244,0.536,0.486,0.00788,11,0.12,-11.067,0,0.0346,131.988,0.0968
45pI8224KKX9Gx5fiyvEAh,The Blackest Day,Lana Del Rey,0.363,0.445,0.522,0.000487,2,0.0797,-8.007,1,0.0331,107.752,0.162
11MyiSGZSYSmhhqwGUTtAq,Sad Girl,Lana Del Rey,0.539,0.345,0.587,0.0731,5,0.119,-8.346,1,0.0364,119.479,0.258
0iQPnK3bi7O27c5T2HBTdr,Florida Kilos,Lana Del Rey,0.28,0.266,0.513,5.98e-05,0,0.11,-7.852,1,0.0388,200.781,0.579
7MtVPRGtZl6rPjMfLoI3Lh,Fuck it I love you,Lana Del Rey,0.895,0.534,0.452,0.00165,9,0.125,-10.732,0,0.0359,129.974,0.175
5USsRaiqL1RNKRm1fTJ3JM,Bartender,Lana Del Rey,0.924,0.582,0.102,0.0,9,0.174,-14.712,0,0.0391,131.773,0.494
1BUckPDAi8NYfLN7EiQcQA,Fingertips,Lana Del Rey,0.92,0.416,0.185,0.000875,5,0.155,-13.627,1,0.0378,104.474,0.0985
5Y6nVaayzitvsD5F7nr3DV,West Coast,Lana Del Rey,0.194,0.527,0.591,0.0194,6,0.0907,-7.664,0,0.0396,123.167,0.461
6PnluwP0fjGnpIBsqTdUTq,Pretty When You Cry,Lana Del Rey,0.399,0.509,0.547,0.0,10,0.215,-6.548,0,0.0417,109.436,0.197
7Ms58r8G6Y0r1XLtpwoGxN,Money Power Glory,Lana Del Rey,0.583,0.349,0.525,0.0,8,0.35,-6.829,0,0.0451,136.762,0.288
70Laus6ozJIHDpfTtUSmAZ,Fucked My Way Up To The Top,Lana Del Rey,0.601,0.52,0.69,0.201,5,0.137,-5.919,1,0.0554,129.839,0.182
1KuVEZR4xuQVNr1KkanAV4,The Other Woman,Lana Del Rey,0.822,0.255,0.468,0.248,7,0.339,-6.43,0,0.0317,111.67,0.175
63hHlajVLQnlFMAqSyePxO,Black Beauty,Lana Del Rey,0.27,0.32,0.529,0.0136,5,0.0942,-7.595,1,0.0436,119.898,0.103
0vfPEfQk0ZCHExTZ007Ryr,Guns And Roses,Lana Del Rey,0.3,0.533,0.666,0.00862,8,0.115,-8.957,0,0.0448,108.928,0.343
3hwQhakFwm9soLEBnSDH17,Venice Bitch,Lana Del Rey,0.913,0.368,0.286,0.177,9,0.099,-13.031,0,0.0294,77.826,0.312
3RIgHHpnFKj5Rni1shokDj,Norman fucking Rockwell,Lana Del Rey,0.968,0.215,0.203,0.0585,5,0.0923,-12.65,1,0.0346,78.287,0.143
6OG05bPAwUuV3OMvy2Vy1P,Mariners Apartment Complex,Lana Del Rey,0.763,0.531,0.252,0.000133,9,0.104,-12.765,1,0.028,76.054,0.159
5tyMJlMqaggzvuX7TtlrTe,Love song,Lana Del Rey,0.966,0.384,0.0701,0.00017,9,0.0805,-16.512,1,0.0367,63.425,0.288
2mdEsXPu8ZmkHRRtAdC09e,Cinnamon Girl,Lana Del Rey,0.814,0.294,0.337,0.414,6,0.14,-10.614,0,0.036,91.781,0.135
7oTE1KmtU2ml9zBhv9Reao,California,Lana Del Rey,0.761,0.449,0.41,0.0,9,0.0631,-8.067,0,0.0317,123.758,0.195
7vRfxLcDDwgYW2WTrtEgUV,The Next Best American Record,Lana Del Rey,0.616,0.569,0.354,2.75e-05,2,0.112,-9.862,1,0.0315,108.083,0.118
6ERZ30cRjVWGtVLhczX9aL,The greatest,Lana Del Rey,0.939,0.443,0.226,0.0201,2,0.14,-12.507,0,0.0359,79.142,0.196
3lG6OtGDsYAOALxEmubQQm,Happiness is a butterfly,Lana Del Rey,0.969,0.467,0.119,1.4e-06,2,0.0973,-10.99,1,0.0401,70.499,0.156
6x8g6DxglrzCSwKhv2Q1ee,Sweet,Lana Del Rey,0.959,0.305,0.241,0.00185,0,0.158,-12.236,1,0.0283,136.262,0.0688
5nW4z3pfZgJAJ2QTCz9AIE,A&W,Lana Del Rey,0.632,0.429,0.239,0.389,10,0.116,-14.696,1,0.11,157.112,0.137
4fFqFgMDP9lY8tqEoArFGq,Judah Smith Interlude,Lana Del Rey,0.962,0.474,0.324,4.88e-05,9,0.231,-10.411,1,0.077,119.458,0.335
3MlEryrxCKZkcfX18ZLX96,Candy Necklace (feat. Jon Batiste),Lana Del Rey,0.87,0.391,0.14,0.00432,11,0.0917,-16.479,0,0.0356,60.127,0.0937
2JFVBojvTHpSZLoyowuZys,Jon Batiste Interlude,Lana Del Rey,0.984,0.23,0.31,0.604,9,0.0685,-11.677,1,0.0362,168.003,0.069
4VL310GGX3b2ixL3sV0Je8,Kintsugi,Lana Del Rey,0.984,0.419,0.0904,0.0048,9,0.243,-16.158,1,0.0419,101.112,0.173
"0Oqxt6JixieLHbwMfnJGWO,""Paris, Texas (feat. SYML)"",Lana Del Rey,0.985,0.287,0.102,0.0559,0,0.109,-17.529,0,0.0334,170.253,0.198"
4qG7hWhljsqqENL5PaLA2z,Let The Light In (feat. Father John Misty),Lana Del Rey,0.385,0.335,0.44,0.00251,9,0.115,-9.748,1,0.0275,132.449,0.198
4Cg9XRHLP3s5ZiQaIdL4zW,Fishtail,Lana Del Rey,0.948,0.545,0.225,8.7e-05,3,0.26,-15.297,1,0.0376,89.01,0.0666
2Rlso2ZNV0PaWwUYeeBYxx,Peppers (feat. Tommy Genesis),Lana Del Rey,0.618,0.478,0.526,0.15,4,0.11,-11.762,0,0.152,156.838,0.369
4qUtC2BwFC154Ha8YQRrkk,How to disappear,Lana Del Rey,0.613,0.538,0.304,0.000631,9,0.164,-11.79,1,0.0352,78.997,0.065
55LnC7VuUvayQ3fW0CvDL6,Grandfather please stand on the shoulders of my father while he's deep-sea fishing (feat. RIOPY),Lana Del Rey,0.935,0.372,0.218,0.0338,8,0.296,-10.367,1,0.0302,79.81,0.0803
1NZs6n6hl8UuMaX0UC0YTz,Brooklyn Baby,Lana Del Rey,0.542,0.404,0.664,0.00402,1,0.11,-6.698,1,0.0407,107.747,0.0949
0HEzuLLojblUOaUSdmJ9gl,Did you know that there's a tunnel under Ocean Blvd,Lana Del Rey,0.751,0.441,0.326,0.0168,0,0.12,-9.381,1,0.0299,119.999,0.0526
6IfPyMb0Sxptpx6jBUATOS,Old Money,Lana Del Rey,0.888,0.312,0.168,6.59e-06,10,0.147,-12.476,0,0.0332,108.115,0.154
0fB77VOZ2FkQeKLv1DuEwp,hope is a dangerous thing for a woman like me to have - but I have it,Lana Del Rey,0.964,0.49,0.104,0.0,4,0.162,-13.208,0,0.0635,86.675,0.278
0Oqc0kKFsQ6MhFOLBNZIGX,Doin' Time,Lana Del Rey,0.404,0.641,0.559,0.00402,7,0.0937,-11.132,0,0.0355,144.982,0.523
1o82DwNisONAd2mu1RcGE6,Margaret (feat. Bleachers),Lana Del Rey,0.969,0.34,0.245,0.0992,9,0.0633,-13.352,1,0.0319,103.777,0.192
3KbOflJ5JqHWtmco4PiO3h,The Grants,Lana Del Rey,0.874,0.366,0.156,0.00038,7,0.371,-12.394,1,0.0352,121.457,0.131
5rmIMPXAlfidbd9f2AfwlQ,Interlude - The Trio,Lana Del Rey,0.000689,0.376,0.493,0.901,2,0.153,-14.03,1,0.0372,102.845,0.119
3qydJy5jc1UslvHkm3Hrve,Nectar Of The Gods,Lana Del Rey,0.888,0.447,0.165,1.4e-06,10,0.177,-9.275,1,0.0342,101.758,0.122
1gxdWpeOUBpvB908fiZs4D,Let Me Love You Like A Woman,Lana Del Rey,0.97,0.303,0.249,1.95e-05,0,0.117,-11.715,1,0.111,66.932,0.131
79wgotDiVZml9PiTtNtYBA,Taco Truck x VB,Lana Del Rey,0.594,0.381,0.373,0.145,9,0.111,-12.206,0,0.0598,157.911,0.0397
7bPWdJgx8vek7S5i5yAtvG,Chemtrails Over The Country Club,Lana Del Rey,0.877,0.334,0.276,0.000249,4,0.113,-13.125,0,0.0643,201.025,0.429
4Hl9rOqYomojCmxYfr25im,White Dress,Lana Del Rey,0.926,0.493,0.263,0.0,0,0.0879,-12.805,1,0.0351,122.792,0.158
0hyImI8JaWONOrzKH7kJsC,Tulsa Jesus Freak,Lana Del Rey,0.918,0.387,0.339,0.00272,2,0.13,-12.962,0,0.0489,137.199,0.273
1dBBmAddRRIw6GwF7dPz6z,Dark But Just A Game,Lana Del Rey,0.842,0.397,0.262,6.6e-06,0,0.0999,-14.608,1,0.0916,80.434,0.124
3WIifw9lqdgSZpt9renBAg,Yosemite,Lana Del Rey,0.901,0.584,0.283,0.0332,9,0.127,-12.893,0,0.0309,106.068,0.278
1hn1kCOG5dm1XgZYKpfaLR,Breaking Up Slowly,Lana Del Rey,0.912,0.37,0.314,2.09e-06,10,0.0989,-9.677,0,0.0445,97.4,0.221
6TZitk9QD7531Jl1TT7TeH,Dance Till We Die,Lana Del Rey,0.904,0.359,0.236,7.43e-06,9,0.116,-13.46,0,0.0432,126.227,0.244
2lhfd0CF0dFlwRVH8NG8vv,For Free,Lana Del Rey,0.98,0.502,0.105,1.79e-05,5,0.0725,-13.381,1,0.0331,114.043,0.203
4brdb8L2Cy3e9AN8IfV9l8,Text Book,Lana Del Rey,0.824,0.424,0.318,0.000542,2,0.114,-9.915,0,0.0427,119.396,0.102
4U9ACZETPOqGuJkWtjkjLF,Blue Banisters,Lana Del Rey,0.937,0.373,0.114,4.73e-05,5,0.104,-13.171,1,0.041,90.945,0.172
2LQGoKFKkZ9yk3UeYFj2xo,Black Bathing Suit,Lana Del Rey,0.852,0.418,0.377,4.61e-05,11,0.374,-11.612,1,0.0738,113.936,0.283
1RPsOAaHaRu8JlVdeaciuL,If You Lie Down With Me,Lana Del Rey,0.913,0.641,0.346,3.99e-05,0,0.104,-9.508,1,0.036,122.101,0.187
5uPpzqixdzAMXprr4P5aT5,Beautiful,Lana Del Rey,0.96,0.552,0.202,0.00154,6,0.225,-10.685,1,0.043,78.021,0.237
5yrAkKml7mtzmPPbjB2qTC,Violets for Roses,Lana Del Rey,0.922,0.513,0.21,0.0,10,0.123,-10.472,1,0.0301,88.021,0.14
7iqQz931tn59mK6IZ3knRx,Dealer,Lana Del Rey,0.318,0.602,0.59,0.000166,0,0.104,-6.346,0,0.0279,130.08,0.381
4y9vLiQ9mQb6XNEtc4K6ou,Thunder,Lana Del Rey,0.674,0.483,0.475,0.00167,3,0.115,-8.442,1,0.0291,73.862,0.237
7fvTXmlzhOUE7WUD6aJC4N,Wildflower Wildfire,Lana Del Rey,0.873,0.547,0.205,0.0502,7,0.113,-10.021,0,0.0277,105.745,0.222
6pZ9Nj3vzj1RW4ZkR9GcQ9,Living Legend,Lana Del Rey,0.935,0.402,0.219,0.0034,7,0.102,-9.244,1,0.0318,126.595,0.166
1Hezl8gsPpfK3N2by41Wxb,Sweet Carolina,Lana Del Rey,0.976,0.45,0.148,0.000409,1,0.107,-11.802,1,0.0569,79.727,0.0758
3EZTyh1wJEmreJH1aULPCj,Arcadia,Lana Del Rey,0.97,0.323,0.106,5.94e-05,10,0.108,-10.374,1,0.0323,91.455,0.158
6bGevdEVEoEbLK72WFfIYR,Cherry Blossom,Lana Del Rey,0.982,0.413,0.119,0.00219,7,0.112,-12.499,1,0.0348,111.11,0.216
5RJot1fR8C90lLXzHtUqpo,Wild At Heart,Lana Del Rey,0.947,0.397,0.206,1.35e-05,2,0.119,-12.487,1,0.0389,120.702,0.27
0Z3JiHn6mhcObPmKhV9WRW,Not All Who Wander Are Lost,Lana Del Rey,0.947,0.445,0.116,1.69e-05,7,0.11,-14.87,1,0.0368,167.992,0.139
7CuyDbvmIfYLPuRmdvjZh9,Nobody's Perfect,Madonna,0.288,0.63,0.605,0.0011,7,0.073,-7.567,1,0.0368,85.94,0.297
7hHqUAFN5ort3NXcz91fTA,Push,Madonna,0.00151,0.631,0.72,1.27e-05,0,0.172,-6.251,1,0.0621,96.008,0.717
3EdOkdjZAkSHfZJYPYJ78K,Skin,Madonna,0.339,0.572,0.806,0.832,8,0.0681,-12.316,1,0.0645,142.951,0.388
3850dYVgOFIXJh5U4BFEWH,Hung Up,Madonna,0.0039,0.649,0.647,0.161,9,0.0686,-7.695,0,0.0452,125.02,0.405
2fzykVsO2Di5jnofUNX3YE,Music,Madonna,0.00149,0.736,0.802,0.0876,7,0.14,-8.527,1,0.0663,119.854,0.871
0koDDu3iROFIM9eetHJtJU,Impressive Instant,Madonna,0.00164,0.556,0.501,0.0366,7,0.23,-10.267,1,0.0502,123.975,0.46
1WhJtjou6uV9MP9xCpbGdG,Runaway Lover,Madonna,0.000901,0.664,0.932,0.113,9,0.123,-5.983,1,0.066,137.898,0.48
7DQ5AJSHY0UGMoxrA4f3nv,I Deserve It,Madonna,0.00391,0.613,0.39,0.0062,7,0.0877,-11.53,1,0.0341,172.044,0.453
1yfmUYrqjMCICcOnHhriFt,Amazing,Madonna,0.00368,0.563,0.842,0.000472,0,0.101,-7.029,1,0.0552,135.012,0.41
23EhTCPRTlLVM6VQUyh8bH,Don't Tell Me,Madonna,0.0502,0.699,0.618,0.000925,7,0.0914,-7.338,1,0.0594,99.965,0.679
4ohEI9gzIH5mSK6R6aUssT,What It Feels Like for a Girl,Madonna,0.201,0.67,0.627,0.00161,8,0.154,-9.497,1,0.0478,104.988,0.582
6SMKtnrZX1rAuChCu2W2UY,Paradise (Not for Me),Madonna,0.0212,0.663,0.403,0.461,9,0.102,-11.252,0,0.0385,143.671,0.34
3bce1jfYQ0yT3Y9PlitWd5,Gone,Madonna,0.185,0.61,0.381,2.45e-05,10,0.233,-8.757,0,0.025,60.937,0.343
1AQQ9DdpEemMVTHNz4eG9a,Get Together,Madonna,0.00489,0.364,0.71,0.00315,9,0.0747,-7.428,0,0.0972,123.902,0.284
55whbebR4olz2HHcRQa2kx,Sorry,Madonna,0.00121,0.589,0.877,0.013,0,0.169,-6.229,0,0.046,132.971,0.443
44WTY1d9M86PEAgPZNeHHe,I Love New York,Madonna,0.000718,0.61,0.894,0.722,9,0.516,-7.244,0,0.0331,128.002,0.466
5HKcfvhCdIoZKzeQw2HgEe,Let It Will Be,Madonna,0.0153,0.638,0.794,0.00104,11,0.0731,-6.656,0,0.0414,129.995,0.441
2DuaKXVHCHSSTTeOnYSMG9,Forbidden Love,Madonna,0.00398,0.596,0.752,0.00144,6,0.385,-8.049,0,0.0377,118.958,0.348
5hmRhU6fWzH0NjYmfhHjhp,Jump,Madonna,0.0018,0.629,0.839,0.0859,9,0.251,-7.061,1,0.0899,118.979,0.449
2HXNn7MQBhecidoC4h6KgX,Isaac,Madonna,0.0727,0.53,0.791,4.98e-06,9,0.189,-7.125,0,0.0521,132.98,0.511
5uLLwUZfktjy3N2UorBwr8,Like It or Not,Madonna,0.159,0.703,0.661,0.000846,10,0.111,-5.446,0,0.0861,119.919,0.389
0beXeFEWUYYY13fYVHTtFk,Drowned World / Substitute for Love,Madonna,0.711,0.519,0.311,0.17,4,0.108,-12.156,1,0.0403,139.91,0.135
5EozWxc0G7mMAHgQdGDlHm,Swim,Madonna,0.585,0.618,0.477,0.0239,8,0.168,-12.823,0,0.0347,100.488,0.195
4Fpsa3pYc3gozrxHRRPvR6,Ray of Light,Madonna,0.00111,0.57,0.907,0.618,3,0.0642,-7.822,1,0.0302,127.183,0.7
6bZPQHvekmIFBZZB7nMB5X,Nothing Really Matters,Madonna,0.0518,0.708,0.708,0.0117,0,0.0781,-6.933,1,0.0383,116.892,0.253
5oqukcHWfqq7HGjyKwLX1y,Take a Bow,Madonna,0.417,0.568,0.366,3.39e-06,8,0.0664,-8.854,1,0.0258,79.98,0.311
0amQzI3QzlkNzlUQSLxGOP,Future Lovers,Madonna,0.00124,0.543,0.865,0.649,2,0.0872,-8.862,1,0.0479,123.999,0.631
6eB4UdPtmFYzT8JEhKj5tt,Don't Stop,Madonna,0.00227,0.733,0.789,0.000622,4,0.0618,-7.95,0,0.0584,94.858,0.622
0u6SzAN3aBaI2v8d2GrFdG,Inside of Me,Madonna,0.128,0.706,0.514,0.0247,1,0.0678,-11.437,1,0.0345,95.4,0.401
4Cna7QxOOTNnylVHLtShCi,Human Nature,Madonna,0.0313,0.691,0.571,0.206,10,0.118,-7.737,0,0.0347,92.528,0.641
5mAXJZc79Zqyclv01jCFtT,Forbidden Love,Madonna,0.254,0.599,0.506,6.15e-05,8,0.215,-9.83,0,0.0343,74.996,0.504
0NaU4I4x6dGFBxaMoAFBow,Survival,Madonna,0.106,0.732,0.623,0.0,7,0.0704,-9.004,1,0.0334,94.994,0.736
15FcP9qwmIKqaD5NhfhNpu,Secret,Madonna,0.101,0.813,0.655,6.65e-05,1,0.146,-7.884,1,0.0262,99.982,0.46
0R3yZfMz44HNbeALPc93XZ,I'd Rather Be Your Lover,Madonna,0.221,0.79,0.756,9.87e-05,11,0.114,-6.908,1,0.0938,91.913,0.724
1dOXmR1VsGmkM9c72ka0je,Bedtime Story,Madonna,0.831,0.712,0.612,0.441,0,0.118,-12.74,1,0.0441,112.028,0.526
1bldGtiBMkXpSCzAiH7j6r,Love Tried to Welcome Me,Madonna,0.226,0.694,0.486,0.0161,6,0.241,-8.469,0,0.0247,92.09,0.341
5vx8H6cFunr9wl2hhBIrvj,Sanctuary,Madonna,0.153,0.592,0.526,0.0205,7,0.0995,-12.471,1,0.0741,170.321,0.416
2aGCEvfmDO7sqcQZHhq2lQ,How High,Madonna,0.0175,0.659,0.604,0.0034,6,0.0669,-7.613,1,0.0294,119.952,0.455
7crZfJQOb8QsLtn3LwwQLK,Candy Perfume Girl,Madonna,0.0297,0.609,0.651,0.413,1,0.0994,-11.054,0,0.0451,97.12,0.37
3afv9TL8ixr4T9VbiKnrwe,American Pie,Madonna,0.348,0.631,0.734,0.0,5,0.135,-7.48,0,0.036,124.036,0.591
67NdrXnC8NiGfGWqzViGWA,Little Star,Madonna,0.486,0.445,0.602,0.00866,1,0.133,-10.49,0,0.041,144.923,0.35
4ixxz1GXB57Q6K2nbR4AwL,Hollywood,Madonna,0.0513,0.639,0.582,0.000482,11,0.282,-7.487,0,0.0389,125.95,0.622
2KuNI576snW2Xlr1y8cMaW,Sky Fits Heaven,Madonna,0.0723,0.526,0.57,0.707,10,0.106,-10.504,1,0.0379,139.952,0.212
0gVwAMrq7nXQNYz39n0C6L,Shanti / Ashtangi,Madonna,0.0583,0.638,0.77,0.0835,11,0.117,-9.501,1,0.0403,139.849,0.421
2II03llydk4YnkBBvoYB3B,Frozen,Madonna,0.661,0.601,0.617,0.0148,1,0.149,-10.917,1,0.0354,108.013,0.31
01VFDkHBNJcCNUjzD3flWg,The Power of Good-Bye,Madonna,0.0391,0.468,0.544,0.741,5,0.175,-11.574,0,0.0455,84.987,0.22
0koXhZM2nyHAJ6fmGWCprN,To Have and Not to Hold,Madonna,0.721,0.554,0.543,0.306,10,0.0659,-12.417,0,0.0356,88.035,0.656
2mG3ShZcT6xkKRvSrPJZus,Mer Girl,Madonna,0.929,0.329,0.175,0.000545,4,0.106,-17.667,1,0.0476,98.38,0.16
2FpS5Kk4VG7KVuMG2lBQQY,Candy Shop,Madonna,0.392,0.866,0.744,0.105,10,0.0691,-9.281,0,0.119,115.985,0.919
0NeZ8Bhhu3Vt5qCKLdvxpw,4 Minutes (feat. Justin Timberlake and Timbaland),Madonna,0.00592,0.705,0.911,0.00154,2,0.0603,-4.873,1,0.0717,113.032,0.803
5ls4hQ8WwqJVs2eFfOyODk,Incredible,Madonna,0.0808,0.761,0.609,3.88e-05,7,0.107,-4.885,1,0.0932,133.927,0.797
1YhiWWFrbdd3kAVhSYDhZ7,American Life,Madonna,0.0438,0.784,0.583,0.0,11,0.282,-7.16,0,0.185,101.977,0.704
2mdKGSHfYj97sPr1rjyLEp,I'm so Stupid,Madonna,0.000163,0.726,0.662,0.000349,11,0.112,-4.126,0,0.0357,121.974,0.405
5NDS6qHwbOmVqZgTvtC66y,Love Profusion,Madonna,0.243,0.704,0.469,3.95e-05,6,0.188,-8.025,0,0.0405,119.954,0.692
2zqyCAHqwnxpwpeCfGqpNf,Ring My Bell,Madonna,0.0232,0.803,0.581,8.07e-06,1,0.363,-5.837,1,0.12,113.966,0.821
74vP4lpnxIzNWIdCXAkYaH,Give It 2 Me - Paul Oakenfold Edit,Madonna,0.000726,0.733,0.809,0.00971,4,0.0228,-4.929,1,0.0445,127.011,0.509
0wFvvGzJn1zJmrwLK2HN6g,Beat Goes On (feat. Kanye West),Madonna,0.133,0.788,0.826,0.0,6,0.401,-2.15,0,0.0394,118.077,0.759
7aXh9HCf8DGdBHoWzgteIe,Dance 2night,Madonna,0.0502,0.814,0.635,0.0724,6,0.0926,-4.734,0,0.0323,105.988,0.857
4cAuZ9PwjxBwmwuCr6s5wl,Spanish Lesson,Madonna,0.0188,0.835,0.72,0.141,4,0.285,-5.604,0,0.0708,120.004,0.417
3ZK5PBHArculftJqTO3pxA,Devil Wouldn't Recognize You,Madonna,0.0394,0.647,0.821,0.00923,6,0.144,-4.594,0,0.0366,147.047,0.612
2IWXHipOTqLaM3gkQ8ulFe,Voices,Madonna,0.019,0.702,0.857,0.0,0,0.102,-5.238,0,0.0347,112.013,0.369
5N5XCxJfZsRmCcBtGGXYh1,4 Minutes (feat. Justin Timberlake and Timbaland) - Peter Saves New York Edit,Madonna,0.0086,0.733,0.917,0.498,2,0.0844,-6.014,0,0.0592,128.009,0.858
0uEk1bShFxfj68BGbgwPja,4 Minutes (feat. Justin Timberlake and Timbaland) - Junkie XL Remix Edit,Madonna,0.000359,0.682,0.881,0.768,7,0.149,-3.966,0,0.0542,127.995,0.667
59qPP8coY8EWIQ9nQDThui,Give It 2 Me,Madonna,0.0933,0.837,0.954,0.000405,8,0.143,-3.512,0,0.0414,127.019,0.972
2JU8QGhMmM1r8UeuKHiyLh,Heartbeat,Madonna,0.0591,0.868,0.861,0.00534,4,0.0597,-4.836,0,0.0642,118.035,0.788
5OWUKkLu9nesbbD0bLwcRL,Miles Away,Madonna,0.0447,0.782,0.71,0.0,0,0.095,-4.394,1,0.0382,115.995,0.762
5lAXP9ChewjNQtf30LU9R6,She's Not Me,Madonna,0.00495,0.771,0.452,0.0131,11,0.0381,-6.355,0,0.0473,120.017,0.358
0Kn7x5iCYCPBZdpOx55nnX,Bye Bye Baby,Madonna,0.000873,0.757,0.612,0.849,11,0.0926,-9.986,0,0.0356,108.619,0.431
2QFDd2aRBuIKakvu2A0veP,Why's It so Hard,Madonna,0.00247,0.612,0.617,0.0493,1,0.0967,-9.079,1,0.0382,80.937,0.238
4eMLyB1mc7onYLdoG8YSXG,Erotica,Madonna,0.000576,0.639,0.676,0.434,11,0.26,-11.168,0,0.061,101.957,0.231
7CU88LgrMsY2FgNzTlg4vI,Fever,Madonna,0.0663,0.778,0.727,0.0193,7,0.0923,-10.296,1,0.0523,115.939,0.55
5Roo8xy0qjRppfwmSWWXQF,Deeper and Deeper,Madonna,0.00613,0.658,0.818,0.28,7,0.336,-7.09,0,0.0266,119.944,0.391
7ENlXau6NFNVaWU0hP7lbx,Where Life Begins,Madonna,0.0257,0.687,0.716,0.287,2,0.113,-10.745,1,0.0351,99.983,0.83
6q3mC1xoekMksBooWPvmNF,Bad Girl,Madonna,0.0211,0.645,0.484,3.98e-06,11,0.0495,-11.233,0,0.0396,146.898,0.521
5kSWuFuOYi6hwqtHACANEm,Waiting,Madonna,0.187,0.745,0.622,0.00277,10,0.0731,-8.164,0,0.039,95.766,0.746
2iqN2cOptSHE6DZwk8MHIm,Thief of Hearts,Madonna,0.00448,0.809,0.656,0.0385,0,0.0622,-8.479,1,0.0318,117.95,0.461
3oVSwRxT8LX7c1fmnrWZwJ,Words,Madonna,0.00933,0.711,0.708,0.00608,1,0.114,-9.277,1,0.0296,116.252,0.52
2htJSx3C0xF5CxMEjtZaXD,Rain,Madonna,0.064,0.594,0.61,0.00153,10,0.214,-11.376,1,0.0269,92.487,0.165
0Arh8PQzGKq14Ri1d25Fen,In This Life,Madonna,0.00561,0.493,0.449,0.000267,8,0.183,-10.437,0,0.0276,146.362,0.0852
6ANBq3oB9hCXit5P5A7Lu9,Secret Garden,Madonna,0.0213,0.343,0.469,0.774,4,0.0737,-12.144,0,0.0732,75.579,0.555
7DUpuAzGUyJaJB3p9BC3Ms,Die Another Day,Madonna,0.0869,0.803,0.757,0.00226,0,0.106,-7.448,0,0.0746,123.922,0.488
7azOuDeJGbxt5mvq3GQHXp,True Blue,Madonna,0.231,0.798,0.909,0.0,11,0.0502,-4.258,1,0.045,117.947,0.866
7bkyXSi4GtVfD7itZRUR3e,Material Girl,Madonna,0.246,0.775,0.616,6.77e-06,0,0.0511,-12.676,1,0.0317,136.63,0.98
6A8OnjnpShshNpcqWtZRjr,Papa Don't Preach,Madonna,0.343,0.833,0.934,7.55e-06,5,0.0521,-3.243,0,0.0313,121.879,0.964
6poribUG9PSY1eudyCjJTS,Open Your Heart,Madonna,0.049,0.624,0.951,4.73e-06,7,0.195,-3.819,0,0.0572,113.915,0.795
3Jmc8fYHFMwpIiT7pg7ggt,White Heat,Madonna,0.106,0.706,0.942,0.0,5,0.158,-3.578,1,0.078,108.934,0.837
095MMFhB9qxPx2VsmvjnUs,Live to Tell,Madonna,0.263,0.652,0.521,0.0011,2,0.107,-6.752,0,0.0256,109.943,0.235
6r8k1vznHrzlEKYxL4dZEe,La Isla Bonita,Madonna,0.304,0.724,0.822,1.38e-05,1,0.0553,-4.374,0,0.0333,99.9,0.964
687mfVfetXFntD7DJpBT3N,Jimmy Jimmy,Madonna,0.167,0.663,0.872,0.000213,0,0.0983,-3.502,1,0.0341,152.077,0.943
1ev64zBlpSWh5HQwvEhLjZ,True Blue - The Color Mix,Madonna,0.0182,0.811,0.728,0.00243,4,0.0761,-6.189,1,0.0906,120.186,0.567
1jaVdF0FSPTWi8E4MWiLPR,La Isla Bonita - Extended Remix,Madonna,0.195,0.729,0.737,7.49e-05,4,0.148,-6.396,1,0.0349,99.995,0.876
17WvhmXF06yquUwZjtjHsc,Like a Virgin - Extended Dance Remix,Madonna,0.0223,0.839,0.458,0.00357,3,0.13,-13.606,0,0.0555,119.447,0.972
5YJQ0J2hhw8vqmvtofxhMH,Nobody Knows Me,Madonna,0.0511,0.843,0.594,3.97e-05,7,0.0589,-5.967,1,0.0594,120.032,0.745
6ZUDEcfkOP6R9g6noBrIW4,Nothing Fails,Madonna,0.178,0.671,0.591,0.000141,7,0.0909,-6.538,0,0.029,91.925,0.229
7BxLHR4ApH0n4rx10KAWOo,Intervention,Madonna,0.0906,0.709,0.301,1.28e-05,7,0.0927,-7.075,0,0.0311,109.94,0.312
2dA8y5fJj2ZzfUVCJ2VlZU,X-Static Process,Madonna,0.925,0.318,0.271,0.00024,9,0.109,-10.882,0,0.0373,76.379,0.312
2TVCBHdkogeEwIqnm35kI2,Mother and Father,Madonna,0.00901,0.813,0.446,1.5e-06,9,0.0786,-6.079,0,0.0655,106.003,0.598
2fooQAzu37aKcCRoP6KpfQ,Easy Ride,Madonna,0.291,0.615,0.271,1.61e-05,9,0.301,-9.84,0,0.049,91.947,0.252
1ZPlNanZsJSPK5h9YZZFbZ,Like a Virgin,Madonna,0.152,0.771,0.655,0.00197,3,0.0685,-10.842,0,0.0372,119.747,0.97
0uIqV0X1M1vjti0ubMOInt,Over and Over,Madonna,0.415,0.669,0.785,0.00288,5,0.0537,-10.883,1,0.0351,150.247,0.971
4vle25yO4Rf7AYkWtzSfAS,Material Girl - Extended Dance Remix,Madonna,0.208,0.735,0.74,0.000138,0,0.0763,-12.647,1,0.0519,136.42,0.964
7ov1nZ2QZc3LIuCXXERZP0,Angel,Madonna,0.298,0.754,0.618,0.000207,7,0.345,-13.66,1,0.0357,133.237,0.836
1S14j6I0RrdQoxrm7zZNHL,Love Don't Live Here Anymore,Madonna,0.327,0.483,0.366,3.78e-05,7,0.325,-14.394,0,0.0452,140.358,0.356
36IHTITiDnlpQWUacWWZpB,Shoo-Bee-Doo,Madonna,0.689,0.608,0.588,8.38e-06,6,0.0796,-11.973,1,0.0411,94.156,0.483
0S9EixwOfXC0LyILi8kVFh,Pretender,Madonna,0.444,0.843,0.635,0.0,9,0.0607,-12.244,0,0.0327,111.128,0.843
19gLqMCui3hxPDTKTEoELa,Stay,Madonna,0.464,0.715,0.706,0.0,7,0.357,-12.249,1,0.0453,118.419,0.85
1Fhx9C87IjEAtWI9FF0IzF,Dress You Up,Madonna,0.0324,0.654,0.646,0.0414,0,0.0965,-10.056,0,0.0294,136.194,0.863
3SL3D72fBngP6GqouoUQOq,Where's the Party,Madonna,0.345,0.743,0.941,0.0,5,0.601,-3.348,1,0.0819,118.927,0.911
5TqUghz3FRLeWKkwOVaumY,Love Makes the World Go Round,Madonna,0.25,0.776,0.881,0.0,0,0.227,-4.875,1,0.0384,121.909,0.971
